Age,Attrition,BusinessTravel,DailyRate,Department,DistanceFromHome,Education,EducationField,EmployeeCount,EmployeeNumber,EnvironmentSatisfaction,Gender,HourlyRate,JobInvolvement,JobLevel,JobRole,JobSatisfaction,MaritalStatus,MonthlyIncome,MonthlyRate,NumCompaniesWorked,Over18,OverTime,PercentSalaryHike,PerformanceRating,RelationshipSatisfaction,StandardHours,StockOptionLevel,TotalWorkingYears,TrainingTimesLastYear,WorkLifeBalance,YearsAtCompany,YearsInCurrentRole,YearsSinceLastPromotion,YearsWithCurrManager
41.0,Yes,Travel_Rarely,1102.0,Sales,1.0,2,Life Sciences,1,1,2,Female,94.0,3,2,Sales Executive,4,Single,5993.0,19479.0,8,Y,Yes,11,3,1,80,0,8.0,0,1,6.0,4.0,0,5.0
49.0,,Travel_Frequently,279.0,Research & Development,8.0,1,Life Sciences,1,2,3,Male,61.0,2,2,Research Scientist,2,Married,5130.0,24907.0,1,Y,,23,4,4,80,-1,10.0,3,3,10.0,7.0,1,7.0
37.0,,Travel_Rarely,1373.0,Research & Development,2.0,2,Other,1,4,4,,92.0,2,1,Laboratory Technician,3,Single,2090.0,2396.0,6,Y,Yes,15,3,2,80,0,7.0,3,3,0.0,0.0,0,0.0
33.0,No,Travel Frequently,1392.0,Research & Development,3.0,4,Life Sciences,1,5,4,Female,56.0,3,1,Research scientist,3,Married,2909.0,23159.0,1,Y,yes,11,3,3,80,0,8.0,3,3,8.0,7.0,3,0.0
27.0,No,Travel_Rarely,591.0,Research & Development,2.0,1,Medical,1,7,1,,40.0,3,1,Laboratory Technician,2,Married,3468.0,16632.0,9,Y,no,12,3,4,80,1,6.0,3,3,2.0,2.0,2,2.0
32.0,No,,1005.0,Research & Development,2.0,2,Life Sciences,1,8,4,Male,79.0,3,1,Laboratory Technician,4,Single,3068.0,11864.0,0,Y,No,13,3,3,80,0,8.0,2,2,7.0,7.0,3,6.0
59.0,No,Travel_Rarely,1324.0,Research & Development,3.0,3,Medical,1,10,0,Female,81.0,4,1,Laboratory Technician,1,MARRIED,2670.0,9964.0,4,Y,Yes,20,4,1,80,3,,3,2,1.0,0.0,0,0.0
30.0,No,Travel_Rarely,1358.0,Research & Development,24.0,1,Life Sciences,1,11,4,Male,67.0,3,1,Laboratory Technician,3,Divorced,2693.0,,1,Y,No,22,4,2,80,1,1.0,2,3,1.0,0.0,0,0.0
38.0,No,Travel_Frequently,216.0,Research & Development,23.0,3,Life Sciences,1,12,4,Male,44.0,2,3,Manufacturing Director,3,Single,9526.0,8787.0,0,Y,No,21,4,2,80,0,10.0,2,3,9.0,7.0,1,8.0
36.0,No,Travel_Rarely,1299.0,Research & Development,27.0,3,Medical,1,13,3,Male,,3,2,Healthcare Representative,3,Married,5237.0,16577.0,6,Y,No,13,3,2,80,2,17.0,3,2,7.0,7.0,7,7.0
35.0,No,Travel_Rarely,809.0,Research & Development,16.0,3,Medical,1,14,1,Male,84.0,4,1,Laboratory technician ,2,Married,2426.0,16479.0,0,Y,No,13,3,3,80,1,6.0,5,3,5.0,,0,3.0
29.0,No,Travel_Rarely,153.0,Research & Development,15.0,2,Life Sciences,1,15,4,Female,49.0,2,2,Laboratory Technician,3,Single,4193.0,12682.0,0,Y,Yes,12,3,4,80,0,10.0,3,3,9.0,5.0,0,8.0
31.0,No,Travel_Rarely,670.0,Research & Development,26.0,1,,1,16,1,Male,31.0,3,1,Research Scientist,3,Divorced,2911.0,15170.0,1,Y,No,17,3,4,80,1,5.0,1,2,5.0,,4,3.0
34.0,No,Travel_Rarely,1346.0,Research & Development,,2,Medical,1,18,2,Male,93.0,3,1,Laboratory Technician,4,Divorced,2661.0,8758.0,0,Y,No,11,3,3,80,1,3.0,2,3,2.0,2.0,1,2.0
28.0,Yes,Travel_Rarely,103.0,Research & Development,24.0,3,life sciences,1,19,3,Male,50.0,2,1,Laboratory Technician,3, Single ,2028.0,12947.0,5,Y,Yes,14,3,2,80,0,6.0,4,3,4.0,2.0,25,3.0
29.0,No,Travel_Rarely,1389.0,Research & Development,21.0,4,Life Sciences,1,20,2,Female,150.0,4,3,Manufacturing Director,1,DIVORCED,9980.0,10195.0,1,Y,No,11,3,3,80,1,10.0,1,3,,9.0,8,8.0
32.0,No,Travel_Rarely,334.0,Research & Development,5.0,2,Life Sciences,1,21,1,MALE,80.0,4,1,Research Scientist,2,Divorced,3298.0,15053.0,0,Y,Yes,12,3,4,80,2,7.0,5,2,6.0,2.0,0,5.0
22.0,No,Non-Travel,1123.0,,16.0,2,Medical,1,22,4,Male,150.0,4,1,Laboratory Technician,4,Divorced,2935.0,,1,Y,Yes,13,3,2,80,2,1.0,2,2,1.0,0.0,0,0.0
53.0,No,Travel_Rarely,1219.0,Sales,2.0,4,Life Sciences,1,23,1,Female,78.0,2,4,Manager,4,Married,15427.0,22021.0,2,Y,No,16,3,3,80,0,31.0,3,3,25.0,8.0,3,7.0
38.0,No,Travel_Rarely,371.0,Research & Development,2.0,3,life sciences,1,24,4,Male,45.0,3,1,Research Scientist,4,Single,3944.0,4306.0,5,Y,Yes,11,3,3,80,0,6.0,3,3,3.0,2.0,1,2.0
24.0,No,Non-Travel,673.0,Research & Development,11.0,2,Other,1,26,1,Female,96.0,4,2,Manufacturing Director,3,Divorced,4011.0,8232.0,0,Y,No,18,3,4,80,1,5.0,5,2,,2.0,1,3.0
36.0,Yes,Travel_Rarely,1218.0,Sales,9.0,4,Life Sciences,1,27,3,Male,82.0,2,1,Sales Representative,1,Single,3407.0,6986.0,7,Y,NO,23,4,2,80,0,10.0,4,3,5.0,3.0,0,3.0
34.0,No,Travel_Rarely,419.0,Research & Development,7.0,4,life sciences,1,28,1,FEMALE,53.0,3,3,Research Director,2,Single,11994.0,21293.0,0,Y,No,11,3,3,80,0,,4,3,12.0,6.0,2,11.0
21.0,No, Travel_Rarely ,391.0,Research & Development,15.0,2,Life Sciences,1,30,3,male,96.0,3,1,Research Scientist,4,Single,1232.0,19281.0,1,Y,No,14,3,4,80,0,0.0,6,3,0.0,0.0,0,0.0
34.0,Yes,Travel_Rarely,699.0,Research & Development,6.0,1,Medical,1,31,2,Male,83.0,3,1,Research Scientist,1,Single,2960.0,17102.0,2,Y,No,11,3,3,80,0,8.0,2,3,4.0,2.0,1,3.0
53.0,No,Travel_Rarely,1282.0,Research & Development,5.0,3,Other,1,32,3,Female,,3,5,Manager,3,Divorced,19094.0,10735.0,4,Y,NO,11,3,4,80,1,26.0,3,2,14.0,13.0,4,
32.0,Yes,Travel_Frequently,1125.0,Research & Development,16.0,1,Life Sciences,1,33,2,Female,72.0,1,1,Research Scientist,1,Single,3919.0,4681.0,1,Y, Yes ,22,4,2,80,0,10.0,5,3,10.0,2.0,6,7.0
42.0,No,,691.0,SALES,8.0,4,Marketing,1,35,3,Male,48.0,3,2,Sales Executive,2,Married,6825.0,21173.0,0,Y,No,11,3,4,80,1,10.0,2,3,9.0,7.0,4,2.0
44.0,No,Travel_Rarely,477.0,Research & Development,7.0,4,Medical,1,36,1,Female,42.0,2,3,Healthcare Representative,4,Married,10248.0,2094.0,3,Y,No,14,3,4,80,1,24.0,4,3,22.0,6.0,5,17.0
46.0,No,Travel_Rarely,705.0,Sales,2.0,4,Marketing,1,38,2,Female,83.0,3,5,Manager,1,Single,18947.0,22822.0,3,Y,NO,12,3,4,80,0,22.0,2,2,2.0,2.0,2,1.0
33.0,No,Travel_Rarely,924.0,Research & development ,,3,Medical,1,39,3,Male,78.0,3,1,Laboratory Technician,4,,2496.0,6670.0,4,Y,No,11,3,4,80,0,7.0,3,3,1.0,,0,0.0
44.0,No,Travel_Rarely,1459.0,Research & Development,10.0,4,Other,1,40,4,Male,41.0,3,2,Healthcare Representative,4,Married,6465.0,19121.0,2,Y,Yes,13,3,4,80,0,9.0,5,4,4.0,2.0,1,3.0
30.0,No,Travel_Rarely,,Research & Development,9.0,2,Medical,1,41,4,Male,83.0,2,1,Laboratory Technician,3,Single,2206.0,16117.0,1,Y,No,13,3,1,80,0,10.0,5,3,10.0,0.0,1,8.0
39.0,Yes,Travel_Rarely,-100.0,Sales,5.0,3,Technical Degree,1,42,4,MALE,56.0,3,2,Sales Representative,4,Married,2086.0,3335.0,3,Y,,14,3,3,80,1,19.0,6,4,1.0,0.0,0,0.0
24.0,Yes,Travel_Rarely,813.0,Research & Development,1.0,3,Medical,1,45,2,Male,61.0,3,1,Research Scientist,4,Married,2293.0,3020.0,2,Y,Yes,16,2,1,80,1,6.0,2,2,2.0,0.0,2,0.0
43.0,No,Travel_Rarely,1273.0,Research & Development,2.0,2, Medical ,1,46,4,Female,,4,1,Research Scientist,3,Divorced,2645.0,21923.0,1,Y,No,12,3,4,80,2,6.0,3,2,5.0,,1,4.0
50.0,Yes,Travel_Rarely,869.0,Sales,3.0,2,Marketing,1,47,1,Male,86.0,2,1,Sales Representative,3,married,2683.0,3810.0,1,Y,Yes,14,3,3,80,0,3.0,2,3,3.0,2.0,0,2.0
35.0,No,Travel_Rarely,890.0,Sales,2.0,3,Marketing,1,49,4,Female,97.0,3,1,Sales Representative,4,Married,2014.0,9687.0,1,Y,No,13,3,1,80,0,2.0,3,3,2.0,2.0,2,2.0
36.0, NO,Travel Rarely,852.0,Research & Development,5.0,4,life sciences,1,51,2,Female,82.0,2,1,Research scientist,1,Married,3419.0,13072.0,9,Y,Yes,14,3,4,80,1,60.0,3,4,1.0,1.0,0,0.0
33.0,No,Travel_Frequently,1141.0,Sales,1.0,3,life sciences,1,52,3,Female,42.0,4,2,Sales Executive,1,Married,25000.0,3193.0,2,Y,No,30,3,1,80,2,10.0,3,3,5.0,3.0,1,3.0
35.0,No,Travel_Rarely,464.0,research & development,4.0,2,other,1,53,3,Male,75.0,3,1,Laboratory Technician,4,Divorced,1951.0,10910.0,1,Y,NO,12,3,3,80,1,1.0,3,3,1.0,0.0,0,0.0
27.0,No,Travel_Rarely,1240.0,Research & Development,2.0,4,Life Sciences,1,54,4,Female,33.0,3,1,Laboratory Technician,1,Divorced,2341.0,19715.0,1,Y,No,13,3,4,80,1,1.0,6,3,1.0,0.0,0,0.0
26.0,,,1357.0,Research & Development,25.0,3,Life Sciences,1,55,1,Male,48.0,1,1,Laboratory Technician,3,Single,2293.0,10558.0,1,Y,No,12,3,3,80,0,1.0,2,2,1.0,0.0,0,1.0
27.0,No,Travel_Frequently,994.0,Sales,8.0,3,Life Sciences,1,56,4,,37.0,3,3,Sales Executive,3,Single,8726.0,2975.0,1,Y,No,15,3,4,80,0,9.0,0,3,9.0,8.0,1,7.0
30.0,No,Travel_Frequently,721.0,Research & Development,1.0,2,Medical,1,57,3,Female,58.0,3,2,Laboratory Technician,4,Single,4011.0,10781.0,1,Y,No,23,4,4,80,0,12.0,2,3,12.0,8.0,3,7.0
41.0,Yes,Travel_Rarely,1360.0,Research & development ,12.0,3,Technical Degree,1,58,2, Female ,49.0,3,5,Research Director,3,Married,19545.0,16280.0,1,Y,,12,3,4,80,0,23.0,0,3,22.0,15.0,15,8.0
34.0,No,Non-Travel,-100.0,Sales,23.0,4,Marketing,1,60,2,Male,72.0,3,2,Sales Executive,3,Single,4568.0,10034.0,0,Y,No,20,4,3,80,0,10.0,2,3,9.0,5.0,8,7.0
37.0,No ,Travel_Rarely,408.0,Research & Development,19.0,2,Life Sciences,1,61,2,Male,73.0,3,1,Research Scientist,2,Married,3022.0,,4,Y,NO,21,4,1,80,0,8.0,1,3,1.0,0.0,0,0.0
46.0,No,Travel_Frequently,,Sales,5.0,4,Marketing,1,62,1,Male,98.0,3,2,Sales Executive,4,Single,5772.0,20445.0,4,Y,Yes,21,4,3,80,0,14.0,4,3,9.0,6.0,0,8.0
35.0,No,Travel_Rarely,1229.0,,8.0,1,Life Sciences,1,63,4,Male,36.0,4,1,Laboratory Technician,4,Married,2269.0,4892.0,1,Y,No,19,3,4,80,4,1.0,2,3,1.0,0.0,0,1.0
48.0,Yes , Travel_Rarely ,626.0,Research & Development,1.0,2,Life Sciences,1,64,1,Male,98.0,2,3,Laboratory Technician,3,Single,5381.0,19294.0,9,Y,Yes,13,3,4,80,0,23.0,2,3,1.0,0.0,0,0.0
28.0,Yes,Travel_Rarely,1434.0,Research & Development,5.0,4,Technical degree,1,65,3,Male,50.0,3,1,Laboratory Technician,3,Single,3441.0,11179.0,1,Y,Yes,13,3,3,80,0,2.0,3,2,2.0,2.0,2,2.0
44.0,No,Travel_Rarely,1488.0,Sales,1.0,5,Marketing,1,68,2,Female,75.0,3,2,Sales Executive,1,Divorced,5454.0,4009.0,5,Y,Yes,21,4,3,80,1,9.0,2,2,4.0,3.0,1,3.0
35.0,No,Non-Travel,1097.0,Research & Development,,2,Medical,1,70,3,Male,150.0,2,3,Healthcare Representative,1,Married,9884.0,8302.0,2,Y, Yes ,13,3,3,80,1,10.0,3,3,4.0,0.0,2,3.0
26.0,No,Travel_Rarely,1443.0,Sales,23.0,3,Marketing,1,72,3,FEMALE,47.0,2,2,Sales Executive,4,Married,4157.0,21436.0,7,Y,Yes,19,3,3,80,1,5.0,2,2,-2.0,2.0,0,0.0
33.0,No,Travel_Frequently,-100.0,Research & Development,1.0,2,Life Sciences,1,73,1,FEMALE,98.0,3,3,Research Director,4,Single,13458.0,15146.0,1,Y,Yes,12,3,3,80,0,15.0,1,3,15.0,14.0,8,12.0
35.0,No, Travel_Frequently ,853.0,Sales,18.0,5,Life Sciences,1,74,2, Male ,71.0,3,3,Sales Executive,1,MARRIED,9069.0,11031.0,1,Y,NO,22,4,4,80,1,9.0,3,2,9.0,8.0,1,8.0
35.0,No,Travel_Rarely,1142.0,Research & Development,23.0,4, Medical ,1,75,3,female,30.0,3,1,,1,Married,4014.0,16002.0,3,Y,yes,15,3,3,80,1,4.0,3,3,2.0,2.0,2,2.0
31.0,,Travel_Rarely,655.0,Research & Development,7.0,4,Life Sciences,1,76,4,Male,48.0,3,2,Laboratory Technician,4,divorced,5915.0,9528.0,3,Y,No,22,4,4,80,1,10.0,3,2,,7.0,1,7.0
37.0,No,Travel_Rarely,1115.0,Research & Development,1.0,4,Life Sciences,1,77,1,Male,51.0,2,2,Manufacturing Director,3,Divorced,5993.0,2689.0,1,Y,No,18,3,3,80,1,7.0,2,4,7.0,5.0,0,7.0
32.0,No, Travel_Rarely ,427.0,Research & Development,1.0,3,Medical,1,78,1,Male,33.0,3,2,Manufacturing Director,4,Married,6162.0,10877.0,1,Y,Yes,22,4,2,80,1,,3,3,9.0,8.0,7,8.0
38.0,No,Travel_Frequently,653.0,Research & Development,29.0,5,Life Sciences,1,79,4,Female,50.0,3,2,Laboratory Technician,4,Single,2406.0,5456.0,1,Y,No,11,3,4,80,0,10.0,2,3,10.0,3.0,9,9.0
50.0,No,Travel_Rarely,989.0,Research & Development,7.0,2,Medical,1,80,2,Female,43.0,2,5,Research Director,3,Divorced,18740.0,16701.0,5,Y,Yes,12,3,4,80,1,29.0,2,2,27.0,3.0,13,8.0
,No,Travel_Rarely,1435.0,Sales,25.0,3,Life Sciences,1,81,1,Female,99.0,3,3,Sales Executive,1,SINGLE,7637.0,2354.0,7,Y,No,11,3,4,80,0,28.0,3,2,21.0,16.0,7,9.0
36.0, NO,Travel_Rarely,1223.0,Research & development ,8.0,3,,1,83,3,Female,59.0,3,3,Healthcare Representative,3,Divorced,10096.0,8202.0,1,Y,No,13,3,2,80,3,17.0,2,3,17.0,14.0,12,8.0
55.0,No,Travel_Rarely,836.0,Research & Development,,3,Medical,1,84,4,Female,33.0,3,4,Manager,3,Divorced,14756.0,19730.0,2,Y,Yes,14,3,3,80,3,21.0,2,3,5.0,0.0,0,2.0
36.0,No,Travel_Frequently,1195.0,Research & Development,11.0,3,Life Sciences,1,85,2,Male,95.0,2,2,Manufacturing Director,2,Single,6499.0,22656.0,1,Y,No,13,3,3,80,0,6.0,3,3,6.0,5.0,0,3.0
45.0,,Travel_Rarely,1339.0,Research & Development,7.0,3,Life Sciences,1,86,2,Male,59.0,3,3,Research Scientist,1,Divorced,9724.0,18787.0,2,Y,No,17,3,3,80,1,25.0,2,3,1.0,0.0,0,0.0
35.0,No,Travel_Frequently,664.0,Research & development ,1.0,3,Medical,1,88,2,Male,79.0,3,1,Research Scientist,1,MARRIED,2194.0,5868.0,4,Y,No,13,3,4,80,1,5.0,2,2,3.0,2.0,1,2.0
36.0,Yes,Travel Rarely,318.0,Research & Development,9.0,3,Medical,1,90,4,Male,79.0,2,1,Research Scientist,3,Married,3388.0,21777.0,0,Y,Yes,17,3,1,80,1,2.0,0,2,1.0,0.0,0,0.0
59.0,No,Travel_Frequently,1225.0,Sales,1.0,1,Life Sciences,1,91,1, Female ,57.0,2,2,Sales Executive,3,Single,5473.0,24668.0,7,Y,no,11,3,4,80,0,20.0,2,2,4.0,3.0,1,3.0
29.0,No,Travel_Rarely,1328.0,Research & Development,2.0,3,Life Sciences,1,94,3,Male,76.0,3,1,Research Scientist,2, Married ,2703.0,4956.0,0,Y,No,23,4,4,80,1,6.0,3,3,5.0,4.0,0,4.0
31.0,,Travel_Rarely,1082.0,Research & Development,1.0,4,Medical,1,95,3,Male,87.0,3,1,Research Scientist,2,Single,,18775.0,1,Y,No,17,3,2,80,0,1.0,4,3,1.0,1.0,1,0.0
32.0,no,Travel_Rarely,548.0,Research & Development,1.0,3,Life Sciences,1,96,2,Male,66.0,3,2,Research Scientist,2, Married ,6220.0,7346.0,1,Y,,17,3,2,80,2,10.0,3,3,10.0,4.0,0,9.0
36.0,No,Travel_Rarely,132.0,Research & Development,6.0,3,Life Sciences,1,97,2,Female,55.0,4,1,Laboratory technician ,4,Married,3038.0,22002.0,3,Y,no,12,3,2,80,0,,3,3,1.0,0.0,0,0.0
31.0,No,Travel_Rarely,746.0,Research & Development,8.0,4,Life Sciences,1,98,3,Female,61.0,3,2,Manufacturing Director,4,single,4424.0,20682.0,1,Y, No ,23,4,4,80,0,11.0,2,3,11.0,7.0,1,8.0
35.0,No,Travel_Rarely,776.0,Sales,1.0,4,Marketing,1,100,3,Male,32.0,2,2,Sales Executive,1,Single,4312.0,23016.0,0,Y,No,14,3,2,80,0,16.0,2,3,15.0,13.0,2,8.0
45.0,no, Travel_Rarely ,193.0,Research & development ,6.0,4,Other,1,101,4,Male,52.0,3,3,Research Director,1,Married,13245.0,15067.0,4,Y,Yes,14,3,2,80,0,,3,4,0.0,0.0,0,0.0
37.0,No,Travel_Rarely,397.0,Research and Development,7.0,4,Medical,1,102,1,Male,30.0,3,3,Research Director,3,SINGLE,13664.0,-1000.0,4,Y,No,13,3,1,80,0,16.0,3,4,,2.0,0,2.0
46.0,No,Travel_Rarely,945.0,Human Resources,5.0,2,Medical,1,103,2,Male,80.0,3,2,human resources,2,Divorced,5021.0,10425.0,8,Y,Yes,22,4,4,80,1,16.0,2,3,4.0,2.0,0,2.0
30.0,No , Travel_Rarely ,852.0,Research & Development,1.0,1,,1,104,4,Male,55.0,2,2,Laboratory Technician,4,Married,5126.0,15998.0,1,Y,Yes,12,3,3,80,2,10.0,1,2,10.0,8.0,3,0.0
35.0,No,Travel_Rarely,,Research and Development,1.0,3,Medical,1,105,2,MALE,30.0,2,1,Research Scientist,3,Single,2859.0,26278.0,1,Y,No,18,3,1,80,0,6.0,3,3,6.0,4.0,0,4.0
55.0,No,Travel_Rarely,111.0,Sales,1.0,2,Life Sciences,1,106,1,Male,70.0,3,3,Sales Executive,4,Married,10239.0,18092.0,3,Y,No,14,3,4,80,1,24.0,4,3,1.0,0.0,1,0.0
38.0,No,Non-Travel,573.0,Research & Development,6.0,3, Medical ,1,107,2,Female,79.0,1,2,Research Scientist,4,Divorced,5329.0,35000.0,7,Y,Yes,12,3,4,80,3,17.0,3,3,13.0,11.0,1,9.0
34.0,No,Travel_Rarely,1153.0,Research & Development,1.0,2,Medical,1,110,1,Male,94.0,3,2,Manufacturing Director,2,Married,4325.0,17736.0,1,Y,No,15,3,3,80,0,5.0,2,3,5.0,2.0,1,3.0
56.0,No,Travel_Rarely,1400.0,Research & Development,7.0,3,Life Sciences,1,112,4,Male,49.0,1,3,Manufacturing Director,4,Single,7260.0,21698.0,4,Y,No,11,3,1,80,0,37.0,3,2,6.0,4.0,0,2.0
23.0,,Travel_Rarely,541.0,Sales,2.0,1,Technical Degree,1,113,3,Male,62.0,3,1,Sales Representative,1, Divorced ,2322.0,9518.0,3,Y,No,13,3,3,80,1,3.0,3,3,0.0,0.0,0,
51.0,No, Travel_Rarely ,432.0,Research & Development,9.0,4,Life Sciences,1,116,4, Male ,96.0,3,1,Laboratory Technician,4,Married,,18725.0,3,Y,No,23,2,2,80,2,10.0,4,3,4.0,2.0,0,3.0
30.0,no,,288.0,Research & Development,-5.0,3,Life Sciences,1,117,3,Male,99.0,2,2,Healthcare Representative,4,Married,4152.0,15830.0,1,Y,No,19,3,1,80,3,11.0,3,3,11.0,10.0,10,8.0
46.0, YES,Travel_Rarely,669.0,Sales,9.0,2,Medical,1,118,3,Male,64.0,2,3,Sales Executive,4,Single,9619.0,13596.0,1,Y,No,16,3,4,80,0,9.0,3,3,9.0,8.0,4,7.0
40.0,No,Travel_Frequently,530.0,Research and Development,1.0,4,life sciences,1,119,3,Male,78.0,2,4,Healthcare representative,2,Married,13503.0,14115.0,1,Y,No,22,4,4,80,1,22.0,3,2,22.0,3.0,11,11.0
,No,Travel_Rarely,632.0,Sales,21.0,4,Marketing,1,120,3,Male,71.0,3,2,sales executive,4,Single,5441.0,8423.0,0,Y,Yes,22,4,4,80,0,11.0,10,1,10.0,7.0,1,25.0
30.0,,Travel_Rarely,1334.0,Sales,4.0,2,Medical,1,121,3,Female,63.0,2,2,Sales Executive,2,Divorced,5209.0,35000.0,1,Y,Yes,12,3,2,80,3,11.0,4,2,11.0,8.0,2,7.0
46.0,No,Travel_Frequently,638.0,Research and Development,1.0,3,Medical,1,124,3,Male,40.0,2,3,Healthcare Representative,1,Married,10673.0,3142.0,2,Y,Yes,13,3,3,80,1,21.0,5,2,10.0,9.0,9,5.0
32.0,No,Travel_Rarely,1093.0,Sales,6.0,4,Medical,1,125,2,Male,87.0,3,2,Sales Executive,3,Single,5010.0,24301.0,1,Y,No,16,3,1,80,0,12.0,0,3,,8.0,5,7.0
54.0,No,Travel_Rarely,1217.0,Research & Development,2.0,4,Technical Degree,1,126,1,Female,60.0,3,3,research director,3,Married,13549.0,24001.0,9,Y,No,12,3,1,80,1,16.0,5,1,4.0,3.0,0,3.0
24.0,No,Travel_Rarely,1353.0,Sales,-3.0,2,Other,1,128,1,Female,33.0,3,6,Sales Executive,3,Married,4999.0,17519.0,0,Y,No,21,4,1,80,1,4.0,2,2,3.0,2.0,0,2.0
,No,Non-Travel,120.0,Sales,4.0,3,Medical,1,129,2,Male,43.0,3,2,Sales Executive,3,Married,4221.0,8863.0,1,Y,No,15,3,2,80,0,5.0,3,5,5.0,4.0,0,
58.0,No,Travel_Rarely,682.0,Sales,10.0,4, Medical ,1,131,4, Male ,37.0,3,4,Sales Executive,3,Single,13872.0,24409.0,0,Y,No,13,3,3,80,-1,60.0,1,2,37.0,10.0,1,8.0
44.0,No, Non-Travel ,489.0,Research & Development,23.0,3, Medical ,1,132,2,MALE,67.0,3,2,Laboratory technician ,2,Married,2042.0,25043.0,4,Y,,12,3,3,80,1,17.0,3,4,3.0,2.0,1,2.0
37.0,Yes,Travel_Rarely,807.0,human resources,6.0,4,Human Resources,1,133,3,male,63.0,3,1,Human Resources,1,Divorced,2073.0,23648.0,4,Y,Yes,22,4,4,80,0,,3,3,3.0,2.0,0,2.0
32.0,No,Travel_Rarely,827.0,Research & development ,1.0,6,Life Sciences,1,134,4,Male,71.0,3,1,Research Scientist,1,Single,2956.0,15178.0,1,Y,No,13,3,4,80,0,1.0,2,3,,0.0,0,0.0
20.0,Yes,Travel_Frequently,871.0,Research & Development,6.0,3,Life Sciences,1,137,4,Female,66.0,2,1,Laboratory Technician,4,Single,2926.0,19783.0,1,Y,Yes,18,3,2,80,0,1.0,5,3,1.0,0.0,1,25.0
34.0,No,Travel_Rarely,665.0,research & development,6.0,4,Other,1,138,1,Female,41.0,3,6,Research Scientist,3,Single,4809.0,12482.0,1,Y,No,14,3,3,80,0,16.0,3,3,16.0,13.0,2,10.0
37.0,No,Non-Travel,1040.0,research & development,2.0,2,,1,139,3,,100.0,2,2,Healthcare Representative,4,Divorced,5163.0,15850.0,5,Y,No,14,3,4,80,1,17.0,2,4,1.0,0.0,0,0.0
59.0,No,Non-Travel,1420.0,Human Resources,2.0,4,Human Resources,1,140,3,,32.0,2,5,Manager,4,Married,18844.0,21922.0,9,Y,No,21,4,4,80,1,30.0,3,3,3.0,2.0,2,2.0
50.0,No ,Travel_Frequently,1115.0,Research & Development,1.0,3,Life Sciences,1,141,1,Female,73.0,3,5,Research Director,2,Married,-500.0,9755.0,3,Y,Yes,19,3,1,80,0,28.0,1,2,8.0,3.0,0,7.0
25.0,Yes,Travel_Rarely,240.0,Sales,5.0,3,Marketing,1,142,3,Male,46.0,2,2,Sales Executive,3,single,5744.0,26959.0,1,Y,yes,11,3,4,80,0,6.0,1,3,6.0,,0,3.0
25.0,No,Travel_Rarely,1280.0,Research & Development,7.0,1,Medical,1,143,4,Male,64.0,2,1,Research Scientist,4,Married,25000.0,26897.0,1,Y,No,11,3,3,80,2,2.0,2,3,2.0,2.0,2,1.0
22.0,No,Travel_Rarely,534.0,Research & Development,15.0,3,Medical,1,144,2,Female,59.0,3,1,Laboratory Technician,4,Single,2871.0,23785.0,1,Y,No,15,3,3,80,0,1.0,5,3,,0.0,0,0.0
51.0,No,Travel_Frequently,1456.0,Research & Development,1.0,4,Medical,1,145,1,Female,30.0,2,3,Healthcare Representative,1,Single,7484.0,25796.0,3,Y,No,20,4,3,80,0,23.0,1,2,,12.0,12,8.0
,Yes,Travel_Frequently,658.0,research & development,7.0,3,Life Sciences,1,147,1,Male,66.0,1,2,Laboratory Technician,3,Single,6074.0,22887.0,1,Y,Yes,24,4,4,80,0,9.0,3,3,9.0,19.0,0,6.0
54.0,No,,142.0,Human Resources,26.0,3,Human Resources,1,148,4, Female ,30.0,4,4,Manager,4,Single,17328.0,13871.0,2,Y,Yes,12,3,3,80,0,23.0,3,5,5.0,3.0,4,4.0
24.0,No,Travel_Rarely,1127.0,Research & Development,18.0,1,Life Sciences,1,150,2,Male,,3,1,Laboratory Technician,3,Married,2774.0,13257.0,0,Y,No,12,3,3,80,1,6.0,2,3,5.0,3.0,1,2.0
34.0,No,Travel_Rarely,1031.0,Research & Development,6.0,4,Life Sciences,1,151,3,Female,45.0,2,2,Research Scientist,2,Divorced,4505.0,15000.0,6,Y,No,15,3,3,80,1,12.0,3,3,1.0,0.0,0,0.0
37.0,No,Travel_Rarely,1189.0,Sales,3.0,3,Life Sciences,1,152,3,Male,87.0,3,3,Sales Executive,4,Single,7428.0,14506.0,2,Y,No,12,3,1,80,0,12.0,3,3,5.0,3.0,1,3.0
34.0,No,Travel_Rarely,,Research & Development,5.0,0,Medical,1,153,3,Female,45.0,2,3,Manager,1,SINGLE,11631.0,5615.0,2,Y,No,12,3,4,80,0,14.0,6,3,11.0,10.0,5,8.0
36.0,No,Travel_Frequently,1467.0,sales,11.0,2,Technical degree,1,154,2,Female,92.0,3,3,Sales Executive,4,MARRIED,9738.0,22952.0,0,Y,No,14,3,3,80,1,60.0,6,3,9.0,7.0,2,8.0
36.0,No, Travel_Rarely ,922.0,Research & Development,3.0,2,Life Sciences,1,155,1,Female,39.0,3,1,Laboratory technician ,4,Divorced,2835.0,2561.0,5,Y,No,22,4,1,80,1,7.0,2,3,1.0,0.0,0,0.0
43.0,No,Travel_Frequently,394.0,Sales,26.0,2,Life Sciences,1,158,3,Male,92.0,3,4,Manager,4,Married,16959.0,19494.0,1,Y,YES,12,3,4,80,2,25.0,3,4,25.0,12.0,4,
,No,Travel Frequently,1312.0,Research & Development,23.0,3,,1,159,1,Male,96.0,1,1,Research Scientist,3,Divorced,2613.0,22310.0,1,Y,No,25,4,3,80,3,10.0,2,2,10.0,7.0,0,
33.0, NO,Non Travel,750.0,Sales,22.0,2,MARKETING,1,160,3,Male,95.0,3,2,Sales Executive,2,Married,6146.0,15480.0,0,Y,No,13,3,1,80,1,,2,4,7.0,7.0,0,7.0
56.0,Yes,Travel_Rarely,441.0,Research & Development,14.0,4,Life Sciences,1,161,2,Female,72.0,3,1,Research Scientist,2,Married,4963.0,,9,Y,YES,18,3,1,80,3,7.0,2,3,5.0,4.0,4,3.0
51.0,No,Travel_Rarely,684.0,Research & Development,6.0,0,Life Sciences,1,162,1,Male,51.0,3,5,Research Director,3,single,19537.0,6462.0,7,Y,No,13,3,3,80,0,23.0,5,3,20.0,18.0,15,15.0
,Yes,Travel_Rarely,249.0,Sales,6.0,4,Life Sciences,1,163,2,Male,76.0,1,2,Sales Executive,3,Married,6172.0,20739.0,4,Y,Yes,18,3,2,80,0,12.0,3,2,7.0,7.0,7,7.0
26.0,No,Travel_Rarely,841.0,Research & Development,6.0,3,Other,1,164,3,Female,46.0,2,1,Research Scientist,2,MARRIED,2368.0,23300.0,1,Y,No,19,3,3,80,0,5.0,3,2,5.0,4.0,4,3.0
58.0,Yes,Travel_Rarely,,Research & Development,23.0,4,Medical,1,165,4,Female,94.0,3,3,Healthcare Representative,4,Married,10312.0,3465.0,1,Y,No,12,3,4,80,1,40.0,3,2,40.0,10.0,15,6.0
19.0,Yes,Travel_Rarely,528.0,Sales,22.0,1,Marketing,1,167,4,Male,50.0,3,1,Sales Representative,3,Single,1675.0,26820.0,1,Y,Yes,19,3,4,80,0,0.0,2,2,0.0,0.0,0,0.0
22.0,No ,Travel_Rarely,,,2.0,1,,1,169,3,,100.0,3,1,,4,Married,2523.0,19299.0,0,Y,no,14,3,3,80,1,3.0,2,3,2.0,1.0,2,1.0
49.0,No,Travel_Rarely,470.0,Research & Development,20.0,4, Medical ,1,170,3,Female,96.0,3,2,Manufacturing Director,1,Married,6567.0,5549.0,1,Y,No,14,3,3,80,0,16.0,2,2,15.0,11.0,5,11.0
43.0,No,Travel_Frequently,957.0,Research & Development,28.0,3,Medical,1,171,2,Female,72.0,4,1,Research scientist,3,Single,,16090.0,4,Y,No,12,3,4,80,0,18.0,2,3,3.0,2.0,1,2.0
,No,Travel_Frequently,809.0,Sales,12.0,3,Marketing,1,174,3,Female,77.0,3,3,Sales Executive,4,single,9208.0,6645.0,4,Y,No,11,3,4,80,0,,3,3,2.0,2.0,2,1.0
,Yes,Travel_Rarely,542.0,Sales,20.0,3,Life Sciences,1,175,2, Female ,71.0,1,2,Sales Executive,3,Married,4559.0,24788.0,3,Y,Yes,11,3,3,80,1,4.0,2,3,2.0,2.0,2,2.0
41.0,No,Travel_Rarely,802.0,,,1,Life Sciences,1,176,3,Male,96.0,3,3,Sales Executive,3,Divorced,8189.0,21196.0,3,Y,Yes,13,3,3,80,1,12.0,2,3,9.0,7.0,0,7.0
26.0,No,Travel_Rarely,1355.0,Human Resources,25.0,1,Life Sciences,1,177,3,Female,61.0,3,1,,3,Married,2942.0,8916.0,1,Y,No,23,4,4,80,1,8.0,3,3,8.0,7.0,5,7.0
36.0,no, Travel_Rarely ,216.0,Research & Development,6.0,2,Medical,1,178,2,Male,84.0,3,2,Manufacturing Director,2,Divorced,4941.0,2819.0,6,Y,,20,4,4,80,2,7.0,0,3,3.0,2.0,0,1.0
51.0,Yes,Travel_Frequently,1150.0,Research & Development,8.0,4,Life Sciences,1,179,1,Male,53.0,1,3,Manufacturing Director,4,Single,10650.0,25150.0,2,Y,No,15,3,4,80,0,18.0,2,3,4.0,2.0,0,3.0
39.0,No,Travel_Rarely,1329.0,Sales,4.0,4,Life Sciences,1,182,4,Female,47.0,2,2,Sales Executive,3,married,5902.0,14590.0,4,Y,no,14,3,3,80,1,17.0,1,4,15.0,11.0,5,9.0
25.0,No,Travel_Rarely,959.0,Sales,28.0,3,Life Sciences,1,183,1,Male,41.0,2,2,Sales Executive,3, Married ,8639.0,24835.0,2,Y,No,18,3,4,80,0,6.0,3,3,2.0,2.0,2,2.0
30.0,No,Travel_Rarely,1240.0,Human Resources,9.0,3,Human Resources,1,184,3,Male,48.0,3,2,Human Resources,4,Married,,,0,Y,Yes,19,3,4,80,0,12.0,10,1,11.0,9.0,4,7.0
32.0,Yes,Travel_Rarely,1033.0,Research & Development,9.0,3,Medical,1,190,1,Female,41.0,3,1,Laboratory Technician,1,SINGLE,4200.0,10224.0,7,Y,,22,4,1,80,0,10.0,2,5,5.0,4.0,0,4.0
45.0, NO,Travel_Rarely,,Research & Development,29.0,3,,1,192,3, Male ,83.0,3,1,Research Scientist,4,Single,3452.0,9752.0,5,Y,No,13,3,2,80,0,,2,2,6.0,5.0,0,3.0
38.0,No,Travel_Rarely,364.0,Research & Development,-3.0,5,Technical Degree,1,193,4,Female,32.0,3,2,Research Scientist,3,Single,4317.0,2302.0,3,Y,Yes,20,4,2,80,0,19.0,2,3,3.0,2.0,2,2.0
30.0, NO,Travel Rarely,438.0,Research & Development,18.0,3,Life Sciences,1,194,1,Female,75.0,3,1,Research Scientist,3,Single,2632.0,23910.0,1,Y,No,14,3,3,80,0,5.0,4,2,5.0,4.0,0,4.0
32.0,No,Travel_Frequently,689.0,Sales,9.0,2, Medical ,1,195,4, Male ,35.0,1,2,Sales Executive,4,Divorced,4668.0,22812.0,0,Y,No,17,3,4,80,3,9.0,2,4,8.0,7.0,0,7.0
30.0,No, Travel_Rarely ,201.0,Research & Development,5.0,3,Technical Degree,1,197,4,Female,84.0,3,1,Research Scientist,1,DIVORCED,3204.0,10415.0,5,Y,No,14,3,4,80,1,8.0,3,3,3.0,2.0,2,2.0
30.0, NO,Travel_Rarely,1427.0,,2.0,1, Medical ,1,198,2,Male,35.0,2,1,Laboratory Technician,4,Single,2720.0,11162.0,12,Y,No,13,3,4,80,0,6.0,3,3,5.0,3.0,1,2.0
17.0,No,Travel_Frequently,857.0,research & development,10.0,3,Life Sciences,1,199,4,Male,91.0,2,4, manager ,1,Divorced,17181.0,12888.0,4,Y,No,13,3,2,80,1,21.0,2,2,7.0,,7,7.0
41.0,No,Travel_Rarely,933.0,Research & development ,9.0,4,Life Sciences,1,200,3,Male,94.0,3,1,Laboratory Technician,1, Married ,2238.0,6961.0,2,Y,No,21,4,4,80,1,7.0,2,3,5.0,0.0,1,4.0
19.0,No ,Travel_Rarely,1181.0,Research & Development,3.0,1,Medical,1,201,2,Female,79.0,3,1,Laboratory Technician,2,Single,,16102.0,1,Y,No,14,3,4,80,0,1.0,3,3,1.0,0.0,0,
40.0,no,Travel_Frequently,1395.0,Research & Development,26.0,3,Medical,1,202,2,Female,,3,2,Research Scientist,2,Divorced,5605.0,8504.0,1,Y,,11,3,1,80,1,20.0,2,3,20.0,7.0,2,13.0
35.0,No,Travel_Rarely,,sales,1.0,5,,1,204,3,Male,94.0,3,3,Sales Executive,2,Married,7295.0,11439.0,1,Y,No,13,3,1,80,2,10.0,3,3,10.0,8.0,0,6.0
53.0,No,Travel_Rarely,1436.0,,6.0,2,Marketing,1,205,2,Male,34.0,3,2,Sales Representative,3,,2306.0,16047.0,2,Y,Yes,20,4,4,80,1,13.0,3,1,7.0,7.0,4,5.0
45.0,No,Travel_Rarely,194.0,Research & Development,,3,Life Sciences,1,206,2,Male,60.0,3,2,Laboratory technician ,2,Divorced,2348.0,10901.0,8,Y,No,18,3,3,80,1,20.0,2,1,17.0,9.0,0,15.0
32.0,No,Travel_Frequently,967.0,Sales,8.0,3,Marketing,1,207,2,female,43.0,3,3,Sales Executive,4,Single,8998.0,15589.0,1,Y,No,14,3,4,80,0,9.0,2,3,9.0,8.0,3,7.0
29.0,No,Non-Travel,1496.0,Research & Development,1.0,1,Technical Degree,1,208,4,Male,41.0,3,2,Manufacturing Director,3,Married,4319.0,26283.0,1,Y,No,13,3,1,80,1,10.0,1,3,10.0,7.0,0,9.0
51.0,No,Travel_Rarely,1169.0,Research & Development,7.0,4,Medical,1,211,2,Male,34.0,2,2,Manufacturing Director,3,Married,6132.0,13983.0,2,Y,no,17,3,3,80,0,10.0,2,3,1.0,0.0,0,0.0
58.0,No,Travel_Rarely,1145.0,Research & Development,9.0,3,Medical,1,214,2,Female,,2,1,Research scientist,2,Married,3346.0,11873.0,4,Y,Yes,20,4,2,80,1,9.0,3,2,1.0,,0,0.0
40.0,no,Travel_Rarely,630.0, Sales ,4.0,4,,1,215,3,Male,67.0,2,3,Sales Executive,4,Married,25000.0,8552.0,7,Y,No,11,3,1,80,1,15.0,2,2,12.0,11.0,2,11.0
34.0,,Travel_Frequently,303.0,Sales,2.0,4,Marketing,1,216,3,Female,75.0,3,1,Sales Representative,3,Married,2231.0,11314.0,6,Y,No,18,3,4,80,1,,-1,3,4.0,3.0,1,2.0
22.0,No,Travel_Rarely,1256.0,Research & Development,19.0,1,Medical,1,217,3,Male,80.0,3,1,Research Scientist,4,Married,2323.0,11992.0,1,Y,No,24,4,1,80,2,2.0,6,3,2.0,2.0,2,2.0
27.0,,,691.0,Research & Development,9.0,3,Medical,1,218,4,Male,57.0,3,1,Research Scientist,2,Divorced,2024.0,5970.0,6,Y,No,18,3,4,80,1,6.0,1,1,2.0,2.0,2,
28.0,,Travel_Rarely,440.0,Research & Development,21.0,0,Medical,1,221,3,Male,42.0,3,1,Research Scientist,4,Married,2713.0,6672.0,1,Y, No ,11,3,3,80,1,5.0,2,1,,2.0,0,2.0
57.0,No,Travel Rarely,334.0,Research & development ,24.0,2,Life Sciences,1,223,3,Male,83.0,4,3,Healthcare Representative,4,Divorced,9439.0,,3,Y,Yes,16,3,2,80,1,12.0,2,1,5.0,3.0,1,4.0
27.0,No,Non-Travel,1450.0,Research & development ,3.0,3,Medical,1,224,0,Male,79.0,2,1,Research Scientist,3,Divorced,2566.0,25326.0,-1,Y,Yes,15,3,4,80,1,1.0,2,2,1.0,1.0,0,1.0
65.0,No,Travel_Rarely,1452.0,Research & Development,11.0,3,Life Sciences,1,226,3,Female,53.0,3,5,Manager,2,Single,19926.0,17053.0,3,Y,NO,15,3,2,80,0,21.0,5,3,5.0,,4,4.0
41.0,No,travel_rarely,465.0,Research & Development,14.0,3,Life Sciences,1,227,1,Male,,3,1,Research Scientist,3, Divorced ,2451.0,4609.0,4,Y,No,12,3,1,80,1,13.0,2,3,9.0,8.0,1,8.0
30.0,No,Travel_Rarely,1339.0,Sales,5.0,3,Life Sciences,1,228,2,FEMALE,41.0,3,3,Sales Executive,4,Married,9419.0,8053.0,2,Y,No,12,3,3,80,1,12.0,2,3,10.0,9.0,7,25.0
38.0,No,Travel_Rarely,0.0,Sales,,4,Life Sciences,1,230,1,Female,59.0,2,2,Sales Executive,4,Single,8686.0,12930.0,4,Y,,22,4,3,80,0,12.0,2,4,8.0,3.0,0,7.0
32.0,no,Travel_Rarely,120.0,Research & Development,6.0,5,Life Sciences,1,231,3,Male,43.0,3,1,Research Scientist,3,Single,3038.0,12430.0,3,Y,No,20,4,1,80,0,8.0,2,3,5.0,4.0,1,4.0
27.0,No,Travel_Rarely,1157.0,Research & Development,17.0,3,Technical Degree,1,233,3,Male,51.0,3,1,Research Scientist,2,Married,3058.0,13364.0,0,Y,Yes,16,3,4,80,1,6.0,3,2,5.0,2.0,1,1.0
19.0,Yes,Travel_Frequently,,Sales,1.0,1,Technical Degree,1,235,3,Female,100.0,1,1,Sales Representative,1,Single,2325.0,,0,Y,No,21,4,1,80,0,1.0,5,4,,0.0,0,
36.0,No,Travel_Frequently,1480.0,Research & Development,3.0,2,Medical,1,238,4,,30.0,3,1,Laboratory Technician,2,Single,2088.0,15062.0,4,Y,No,12,3,3,80,0,13.0,3,2,8.0,7.0,7,2.0
30.0,No,Non-Travel,111.0,Research & Development,9.0,3,Medical,1,239,3,Male,,3,2,Laboratory Technician,1,Divorced,3072.0,11012.0,1,Y,No,11,3,3,80,2,12.0,4,3,12.0,9.0,6,10.0
45.0,No,Travel_Rarely,1268.0,Sales,4.0,2,Life Sciences,1,240,3,Female,30.0,3,2,Sales Executive,1,Divorced,5006.0,6319.0,4,Y,Yes,11,3,1,80,1,9.0,3,4,5.0,4.0,0,3.0
56.0,No,Travel_Rarely,713.0,Research & Development,8.0,3,Life Sciences,1,241,3,Female,67.0,3,1,Research Scientist,1,Divorced,4257.0,13939.0,4,Y,Yes,18,3,3,80,1,,3,3,2.0,2.0,2,2.0
33.0,No,Travel_Rarely,134.0,Research & Development,2.0,3,Life Sciences,1,242,3,Male,90.0,3,1,Research Scientist,4,Single,2500.0,10515.0,0,Y,No,14,3,1,80,0,4.0,2,4,3.0,1.0,0,2.0
19.0,Yes,,,Research & Development,2.0,3,Life Sciences,1,243,2,Male,47.0,2,1,Laboratory Technician,4,Single,1102.0,,1,Y,NO,22,4,3,80,0,1.0,3,2,1.0,0.0,1,0.0
46.0,No,Travel_Rarely,526.0,Sales,1.0,2,Marketing,1,244,2,female,92.0,3,3,sales executive,1,Divorced,10453.0,,1,Y,No,25,4,3,80,3,24.0,2,3,-2.0,13.0,15,7.0
38.0,No,Travel_Rarely,1380.0,Research & Development,9.0,2,Life Sciences,1,245,3,,75.0,3,1,Laboratory Technician,4,Single,2288.0,6319.0,1,Y,No,12,3,3,80,0,2.0,3,3,2.0,2.0,2,1.0
31.0,No,,140.0,Research and Development,12.0,1,Medical,1,246,3,Female,95.0,3,1,Research Scientist,4,Married,3929.0,6984.0,8,Y,Yes,23,4,3,80,1,7.0,0,3,4.0,2.0,0,2.0
,no,Travel_Rarely,629.0,Research & Development,27.0,2,,1,247,4,Female,95.0,3,1,Research Scientist,2,Single,2311.0,5711.0,2,Y,No,15,3,4,80,0,9.0,3,3,3.0,2.0,1,2.0
41.0,Yes,Travel_Rarely,1356.0,Sales,20.0,2,Marketing,1,248,2,Female,70.0,3,1,Sales Representative,2,Single,3140.0,21728.0,1,Y,Yes,22,4,0,80,0,4.0,5,2,4.0,3.0,0,2.0
50.0,no,,328.0,Research & Development,1.0,3,Medical,1,249,3,Male,86.0,2,1,Laboratory Technician,3,Married,3690.0,,2,Y,No,15,3,4,80,1,5.0,2,2,3.0,2.0,0,2.0
53.0,No,Travel_Rarely,1084.0,Research & Development,13.0,2,Medical,1,250,4,Female,57.0,4,2,,1,Divorced,4450.0,26250.0,1,Y,No,11,3,3,80,2,5.0,3,3,4.0,2.0,1,3.0
33.0,No,Travel_Rarely,931.0,Research & Development,14.0,3,Medical,1,252,4,Female,,3,1,Research Scientist,2,Married,2756.0,4673.0,1,Y,No,13,3,4,80,1,8.0,5,3,8.0,7.0,1,6.0
40.0,No,Travel_Rarely,989.0,Research & Development,4.0,1,Medical,1,253,4,Female,46.0,3,5,Manager,3,Married,19033.0,6499.0,1,Y,No,14,3,2,80,1,21.0,2,3,20.0,8.0,9,9.0
55.0,No,Travel_Rarely,692.0,Research & Development,14.0,4,Medical,1,254,3,Male,61.0,4,5,Research Director,2,SINGLE,18722.0,13339.0,8,Y,No,11,3,4,80,0,36.0,3,3,24.0,15.0,2,15.0
34.0,No,Travel_Frequently,1069.0,Research & Development,2.0,1,Life Sciences,1,256,4,,45.0,2,2,Manufacturing Director,3,Married,9547.0,14074.0,1,Y,No,17,3,0,80,0,10.0,2,2,10.0,9.0,1,9.0
51.0,No,Travel Rarely,313.0,Research & Development,3.0,3,Medical,1,258,4,Female,98.0,3,4,Healthcare Representative,2,Single,13734.0,7192.0,3,Y,No,18,3,3,80,0,21.0,6,3,7.0,7.0,1,0.0
52.0,No,Travel_Rarely,699.0,Research & Development,1.0,4,Life Sciences,1,259,3,MALE,65.0,2,5,Manager,3,Married,19999.0,5678.0,0,Y,No,14,3,1,80,1,34.0,5,3,33.0,18.0,11,9.0
27.0,No,Travel_Rarely,894.0,Research & Development,9.0,3,Medical,1,260,4,Female,99.0,3,1,Research Scientist,2,Single,,11781.0,1,Y,No,16,3,4,80,0,7.0,2,2,7.0,7.0,0,3.0
35.0,Yes,Travel_Rarely,556.0,research & development,23.0,2,Life Sciences,1,261,2,male,50.0,2,2,Manufacturing Director,3,Married,5916.0,15497.0,3,Y,Yes,13,3,1,80,0,8.0,1,3,1.0,0.0,0,1.0
43.0,No,Non-Travel,1344.0,Research & Development,7.0,3,Medical,1,262,4,male,37.0,4,1,Research Scientist,4,Divorced,2089.0,5228.0,12,Y,No,14,3,4,80,3,7.0,3,4,5.0,4.0,-1,2.0
45.0,No,Non-Travel,1195.0,Research & Development,2.0,2,,1,264,1,Male,65.0,2,4,Manager,4,Married,16792.0,20462.0,9,Y,No,23,4,4,80,1,22.0,1,3,20.0,8.0,11,
37.0,No,Travel Rarely,290.0,Research & Development,21.0,3,Life Sciences,1,267,2,Male,65.0,4,1,Research Scientist,1,Married,3564.0,22977.0,1,Y, Yes ,12,3,1,80,1,8.0,3,2,8.0,7.0,1,7.0
35.0,No,Travel_Frequently,138.0,Research & Development,2.0,3,Medical,1,269,2,Female,37.0,3,2,Laboratory Technician,2,Single,4425.0,15986.0,5,Y,No,11,3,4,80,0,10.0,5,3,6.0,2.0,1,
42.0,no,Non-Travel,926.0,Research & Development,21.0,2,Medical,1,270,3,Female,36.0,3,2,MANUFACTURING DIRECTOR,3,Divorced,5265.0,16439.0,2,Y,No,16,3,2,80,1,11.0,5,3,5.0,3.0,0,2.0
38.0,No,Travel_Rarely,1261.0,Research & Development,,4,life sciences,1,271,4,Male,88.0,3,2,Manufacturing Director,3,Married,6553.0,7259.0,9,Y,NO,14,3,2,80,0,14.0,3,3,1.0,0.0,0,0.0
38.0,No,Travel_Rarely,1084.0,Research & development ,29.0,3,Technical Degree,1,273,4,Male,,3,2,Manufacturing Director,4,Married,6261.0,4185.0,3,Y,No,18,3,1,80,1,9.0,3,1,7.0,7.0,1,7.0
27.0,No,travel_frequently,472.0,Research & Development,1.0,1,,1,274,3,Male,60.0,2,2,MANUFACTURING DIRECTOR,1,Married,,9679.0,5,Y,No,19,3,3,80,1,6.0,1,3,2.0,2.0,2,0.0
49.0,No,Non-Travel,1002.0,Research & Development,18.0,4,Life Sciences,1,275,4,Male,92.0,3,2,MANUFACTURING DIRECTOR,4,Divorced,6804.0,,1,Y,Yes,15,3,1,80,2,7.0,0,3,7.0,7.0,1,7.0
34.0,No,Travel_Frequently,878.0,Research & Development,,4,Medical,1,277,4,Male,43.0,3,1,Research Scientist,3,Divorced,3815.0,5972.0,1,Y,Yes,17,3,4,80,1,5.0,4,4,5.0,,2,0.0
40.0,No,Travel_Rarely,905.0,research & development,19.0,2,Medical,1,281,3,Male,99.0,3,2,Laboratory Technician,4,Married,2741.0,16523.0,8,Y,Yes,15,3,3,80,1,15.0,2,4,7.0,-1.0,3,7.0
38.0,Yes,Travel_Rarely,1180.0,Research & Development,29.0,1,Medical,1,282,2,Male,70.0,3,2,Healthcare representative,1,Married,6673.0,11354.0,7,Y,Yes,19,3,2,80,0,17.0,2,3,1.0,0.0,0,0.0
29.0,yes,Travel_Rarely,121.0,Sales,27.0,3,Marketing,1,283,2,FEMALE,35.0,3,3,Sales Executive,4,Married,7639.0,24525.0,1,Y, No ,22,4,4,80,3,10.0,3,2,10.0,4.0,1,9.0
22.0,No,Travel_Rarely,1136.0,research & development,5.0,3,Life Sciences,1,284,5,Male,60.0,4,1,Research Scientist,2,Divorced,2328.0,12392.0,1,Y,Yes,16,3,1,80,1,4.0,2,2,4.0,2.0,2,2.0
36.0,No,Travel_Frequently,635.0,Research & Development,18.0,1,Medical,1,286,2,Female,73.0,3,1,Laboratory Technician,4,Single,2153.0,7703.0,1,Y,No,13,3,1,80,0,8.0,2,3,8.0,1.0,1,7.0
40.0,No,Non-Travel,1151.0,Research & Development,9.0,5,Life Sciences,1,287,4,,63.0,2,2,Healthcare Representative,4,Married,4876.0,14242.0,9,Y,No,14,3,4,80,1,5.0,5,1,,2.0,0,2.0
46.0,No,,644.0,Research & Development,1.0,4,Medical,1,288,4,Male,97.0,3,6,Healthcare Representative,1,Divorced,9396.0,12368.0,7,Y,,30,3,3,80,1,17.0,3,3,4.0,2.0,0,3.0
32.0,Yes,Travel_Rarely,1045.0,Sales,4.0,4,Medical,1,291,4,,,1,3,Sales Executive,4,Married,10400.0,,1,Y,No,30,3,3,80,0,,2,2,14.0,8.0,9,8.0
30.0,No,,829.0,Research & Development,1.0,1,Life Sciences,1,292,3,Male,88.0,2,3,MANUFACTURING DIRECTOR,3,single,8474.0,20925.0,1,Y, No ,22,4,3,80,0,12.0,2,3,11.0,8.0,5,8.0
27.0,No,Travel_Frequently,1242.0,Sales,20.0,3,Life Sciences,1,293,4,Female,90.0,3,2,Sales Executive,3,Single,9981.0,12916.0,1,Y,No,0,3,4,80,0,7.0,2,3,7.0,7.0,0,7.0
51.0,No,Travel_Rarely,1469.0,,8.0,4,Life Sciences,1,296,2,Male,81.0,2,3,research director,2,Married,12490.0,15736.0,5,Y,No,16,3,4,80,2,16.0,5,1,10.0,9.0,4,7.0
30.0,Yes,Travel_Rarely,1005.0,Research & Development,3.0,3,Technical Degree,1,297,4,Female,88.0,3,1,Research scientist,1,Single,2657.0,8556.0,5,Y,Yes,11,3,3,80,0,8.0,5,3,5.0,2.0,0,4.0
41.0,No,,896.0,Sales,6.0,3,Life Sciences,1,298,4,Female,75.0,3,3,Manager,4,Single,13591.0,14674.0,3,Y,Yes,18,3,3,80,0,16.0,3,3,1.0,0.0,0,0.0
30.0,Yes,Travel_Frequently,334.0,Sales,26.0,4,Marketing,1,299,3,Female,52.0,2,2,,1,Single,6696.0,22967.0,5,Y,No,15,3,3,80,4,9.0,5,2,6.0,3.0,0,1.0
29.0,Yes,Travel_Rarely,992.0,Research & Development,1.0,3,Technical Degree,1,300,3,Male,85.0,3,1,Research Scientist,3,Single,2058.0,19757.0,0,Y,No,14,3,4,80,0,,1,2,6.0,2.0,1,5.0
45.0,,Non-Travel,,Sales,6.0,3, Medical ,1,302,4,Female,57.0,2,3,Sales Executive,4,SINGLE,8865.0,16840.0,6,Y,No,12,3,4,80,0,23.0,2,3,19.0,7.0,12,8.0
54.0,No,Travel_Rarely,1147.0,Sales,3.0,3,Marketing,1,303,4,Female,52.0,3,2,Sales Executive,1,Married,5940.0,17011.0,2,Y,No,14,3,4,80,1,,4,3,,2.0,0,5.0
36.0,No,Travel_Rarely,1396.0,Research & Development,5.0,2,Life Sciences,1,304,4,Male,62.0,3,2,Laboratory Technician,2,Single,5914.0,9945.0,8,Y,No,16,3,4,80,0,16.0,3,4,13.0,11.0,3,7.0
33.0,No,Travel_Rarely,147.0,research & development,,4,Medical,1,305,3, Female ,47.0,2,1,Research Scientist,2,Married,2622.0,13248.0,6,Y,No,21,4,4,80,0,7.0,3,3,17.0,2.0,1,1.0
37.0,No, Travel_Frequently ,663.0,Research & Development,11.0,3,Other,1,306,2, Male ,47.0,3,3,Research Director,4,divorced,12185.0,10056.0,1,Y,Yes,14,3,3,80,3,10.0,1,3,10.0,8.0,0,7.0
38.0,No,Travel_Rarely,119.0,Sales,3.0,3,life sciences,1,307,1,Male,76.0,3,3,Sales Executive,3,Divorced,10609.0,9647.0,0,Y,No,12,3,3,80,2,17.0,6,2,16.0,10.0,5,13.0
,No,Non-Travel,979.0,Research & Development,1.0,4,Medical,1,308,3,Male,90.0,1,2,Manufacturing Director,3,Married,4345.0,,0,Y,,12,3,4,80,1,6.0,2,3,5.0,4.0,1,4.0
59.0,No, Travel_Rarely ,142.0,Research & Development,3.0,3,Life Sciences,1,309,3,Male,70.0,2,1,Research Scientist,4, Married ,2177.0,8456.0,3,Y,NO,17,3,1,80,1,7.0,6,3,1.0,,0,0.0
37.0,No,Travel_Frequently,319.0,Sales,4.0,4,Marketing,1,311,1,Male,41.0,3,1,Sales representative,4,Divorced,2793.0,2539.0,4,Y,No,17,3,3,80,1,13.0,2,3,9.0,8.0,5,8.0
29.0,No,Travel_Frequently,1413.0,Sales,1.0,1,Medical,1,312,2,,42.0,3,3,Sales Executive,4,Married,7918.0,6599.0,1,Y,No,14,3,4,80,1,11.0,5,3,11.0,10.0,4,1.0
35.0,No,Travel_Frequently,944.0,,1.0,3,Marketing,1,314,3,Female,92.0,3,3,Sales Executive,3,Single,8789.0,9096.0,1,Y,No,14,3,1,80,0,10.0,3,4,10.0,7.0,0,8.0
29.0,Yes,Travel_Rarely,896.0,Research & Development,18.0,1,Medical,1,315,3,Male,86.0,2,1,Research Scientist,4,Single,2389.0,14961.0,1,Y,Yes,13,3,3,80,0,4.0,3,2,4.0,3.0,0,1.0
52.0,No,Travel_Rarely,,Research & Development,2.0,3,Life Sciences,1,316,3,Female,89.0,2,1,Laboratory technician ,4,Single,3212.0,3300.0,7,Y,No,15,3,2,80,0,6.0,3,2,2.0,2.0,2,2.0
42.0,No,Travel_Rarely,532.0,Research & Development,4.0,2,Technical Degree,1,319,3,Male,58.0,3,5,Manager,4,Married,19232.0,4933.0,1,Y,No,11,3,4,80,0,,3,3,22.0,17.0,11,15.0
59.0,No,Travel_Rarely,818.0,Human Resources,6.0,2,Medical,1,321,2,Male,52.0,3,1,Human Resources,3,Married,2267.0,25657.0,8,Y,No,17,3,4,80,0,7.0,2,2,2.0,2.0,2,2.0
50.0,No,Travel_Rarely,854.0,Sales,1.0,4,Medical,1,323,4,Female,68.0,3,5,Manager,4,Divorced,19517.0,24118.0,3,Y,No,11,3,3,80,1,32.0,3,2,7.0,0.0,0,6.0
33.0,Yes,Travel_Rarely,813.0,Research & Development,14.0,3,Medical,1,325,3,Male,58.0,3,1,Laboratory Technician,4,Married,2436.0,22149.0,5,Y,Yes,13,3,3,80,1,8.0,2,1,5.0,4.0,0,4.0
43.0,,Travel_Rarely,1034.0,Sales,16.0,3,Marketing,1,327,4,,80.0,3,4,Manager,4,Married,16064.0,7744.0,5,Y,Yes,22,4,3,80,1,22.0,3,3,17.0,13.0,1,9.0
33.0,Yes,travel_rarely,465.0,Research & Development,2.0,2,Life Sciences,1,328,1,Female,39.0,3,1,Laboratory Technician,1,Married,2707.0,21509.0,7,Y,No,20,4,1,80,0,13.0,3,4,9.0,7.0,1,7.0
,No,non-travel,,Sales,2.0,4,Life Sciences,1,329,1,,,2,5,Manager,3,Single,,21030.0,1,Y,Yes,18,3,4,80,0,33.0,2,4,33.0,7.0,15,12.0
32.0,No ,,1401.0,Sales,4.0,2,Life Sciences,1,330,3,Female,-10.0,3,1,Sales Representative,2,Married,3931.0,20990.0,2,Y,No,11,3,1,80,1,6.0,5,3,,3.0,1,2.0
32.0,Yes,Travel_Rarely,,Research & Development,,3,Life Sciences,1,331,4,Male,62.0,2,1,Laboratory Technician,3,Single,3730.0,9571.0,0,Y,Yes,14,3,4,80,0,4.0,2,1,3.0,2.0,1,2.0
39.0,No,Travel_Rarely,1431.0,Research & Development,1.0,4,Medical,1,332,3,Female,96.0,3,1,Laboratory Technician,3,Divorced,2232.0,15417.0,7,Y,No,14,3,3,80,3,7.0,1,3,3.0,2.0,1,2.0
32.0,No,Non-Travel,976.0,Sales,26.0,4,Marketing,1,333,3,Male,100.0,3,2,Sales Executive,4,Married,4465.0,12069.0,0,Y,No,18,3,1,80,0,4.0,2,3,3.0,2.0,2,2.0
41.0,no,travel_rarely,1411.0,Research & Development,19.0,2,,1,334,3,male,36.0,3,2,Research scientist,1,Divorced,3072.0,19877.0,2,Y,No,16,3,1,80,4,17.0,2,2,,0.0,0,0.0
40.0,No,Travel_Rarely,1300.0,Research & Development,24.0,2,Technical Degree,1,335,1,Male,62.0,3,2,Research Scientist,4,Divorced,3319.0,24447.0,1,Y,,17,3,1,80,2,9.0,3,3,9.0,,4,7.0
45.0,no,Travel_Rarely,252.0,Research & Development,1.0,3,Other,1,336,3,Male,70.0,4,5,Manager,4,Married,19202.0,15970.0,0,Y,No,11,3,3,80,1,25.0,2,3,,0.0,1,7.0
31.0,No,Travel_Frequently,1327.0,Research & Development,3.0,4,Medical,1,337,2,Male,73.0,3,3,Research Director,3,Divorced,13675.0,13523.0,12,Y,No,12,3,1,80,1,9.0,3,3,2.0,2.0,2,2.0
33.0,No,Travel_Rarely,832.0,Research & Development,5.0,4,life sciences,1,338,3,Female,63.0,2,1,Research Scientist,4,MARRIED,2911.0,14776.0,1,Y, No ,13,3,3,80,1,2.0,2,2,2.0,2.0,0,2.0
34.0,No,Travel_Rarely,470.0,Research & Development,2.0,4,Life Sciences,1,339,4,Male,84.0,2,2,,1,Married,5957.0,23687.0,6,Y,No,13,3,2,80,1,13.0,3,3,11.0,9.0,5,9.0
37.0,No,Travel_Rarely,1017.0,Research & Development,1.0,2,Medical,1,340,3,Female,83.0,2,1,Research Scientist,1,Married,3920.0,18697.0,2,Y,No,14,3,1,80,1,,2,2,3.0,1.0,0,2.0
45.0,No,travel_frequently,1199.0,Research & Development,7.0,4,Life Sciences,1,341,1,Male,77.0,4,2,Manufacturing Director,3,Married,6434.0,5118.0,4,Y,no,17,3,4,80,1,9.0,1,3,3.0,2.0,0,2.0
37.0,Yes ,Travel_Frequently,504.0,Research & Development,10.0,3,Medical,1,342,1,Male,61.0,3,3,Manufacturing Director,3,,10048.0,22573.0,6,Y,No,11,3,2,80,2,17.0,5,3,1.0,,0,0.0
39.0,No,Travel_Frequently,505.0,research & development,2.0,4,Technical Degree,1,343,3,female,64.0,3,3,,3,Single,10938.0,6420.0,0,Y,No,25,4,4,80,0,20.0,1,3,19.0,6.0,11,8.0
29.0,No,Travel_Rarely,665.0,Research & Development,15.0,3,Life Sciences,1,346,3,Male,60.0,3,1,Research Scientist,4,Single,2340.0,,1,Y,No,19,3,1,80,0,6.0,1,3,6.0,5.0,1,5.0
42.0,No,,916.0,Research & Development,17.0,2,Life Sciences,1,347,4,Female,82.0,4,2,Research Scientist,1,Single,6545.0,23016.0,3,Y, Yes ,13,3,3,80,0,10.0,1,3,3.0,-1.0,0,2.0
29.0,No,Travel_Rarely,1247.0,SALES,20.0,2,Marketing,1,349,4,Male,45.0,3,2,Sales Executive,4,divorced,6931.0,10732.0,2,Y,,14,3,4,80,1,10.0,2,3,3.0,2.0,0,2.0
25.0,No,Travel Rarely,685.0,,1.0,3,Life Sciences,1,350,5,Female,62.0,3,2,Manufacturing Director,3,Married,4898.0,7505.0,0,Y,No,12,3,4,80,2,5.0,10,0,4.0,2.0,1,2.0
42.0,No,Travel_Rarely,269.0,Research & Development,2.0,3,Medical,1,351,4,Female,56.0,2,1,Laboratory technician ,1, Divorced ,2593.0,8007.0,0,Y, Yes ,11,3,3,80,1,10.0,4,3,9.0,6.0,7,8.0
40.0,No,Travel_Rarely,1416.0,Research & Development,2.0,2,Medical,1,352,1,Male,49.0,0,5,research director,3,Divorced,19436.0,5949.0,0,Y,No,19,3,4,80,1,22.0,5,3,21.0,7.0,3,9.0
51.0,No ,travel_rarely,833.0,Research & Development,1.0,3,Life Sciences,1,353,3, Male ,96.0,3,1,Research scientist,4,Married,2723.0,23231.0,1,Y,No,11,3,2,80,0,1.0,0,2,1.0,0.0,0,0.0
,Yes,Travel_Frequently,307.0,Research & Development,29.0,2,Medical,1,355,3,Male,,2,1,Laboratory Technician,2,Single,3479.0,11652.0,0,Y,No,11,3,2,80,0,6.0,2,4,5.0,4.0,1,4.0
32.0,No,Travel Frequently,1311.0,Research and Development,7.0,3,Life Sciences,1,359,2,Male,100.0,4,1,Laboratory Technician,2,Married,2794.0,26062.0,1,Y,No,20,4,3,80,0,5.0,3,1,5.0,1.0,0,3.0
38.0,No,Non-Travel,1327.0,Sales,2.0,2,Life Sciences,1,361,4,,39.0,2,2,Sales Executive,4,Married,5249.0,19682.0,3,Y,No,18,3,4,80,1,13.0,0,3,8.0,7.0,7,5.0
32.0,No,travel_rarely,128.0,Research & Development,2.0,1,,1,362,4,Male,84.0,2,2,Laboratory Technician,1,Single,2176.0,19737.0,4,Y,No,13,3,4,80,0,9.0,5,3,6.0,2.0,0,4.0
46.0,No,Travel_Rarely,488.0,Sales,,3,Technical Degree,1,363,3,Female,75.0,1,4,Manager,2,Married,16872.0,14977.0,3,Y,Yes,12,3,2,80,1,28.0,2,2,7.0,7.0,7,7.0
28.0, YES,Travel_Rarely,529.0,Research & Development,2.0,4,Life Sciences,1,364,1,male,79.0,3,1,Laboratory Technician,3,Single,3485.0,14935.0,2,Y,No,11,3,3,80,0,,5,1,0.0,0.0,0,0.0
29.0,No,Travel_Rarely,1210.0,Sales,2.0,3,Medical,1,366,1,Male,78.0,2,2,Sales Executive,2,Married,,3687.0,2,Y,No,19,3,2,80,2,10.0,2,3,0.0,0.0,0,0.0
31.0,No,Travel Rarely,1463.0,Research & Development,23.0,3,Medical,1,367,2,male,64.0,2,0,Healthcare Representative,4, Married ,5582.0,14408.0,0,Y,No,21,4,2,80,1,10.0,2,3,9.0,0.0,7,
25.0,No,Non-Travel,675.0,Research & Development,5.0,2,Life Sciences,1,369,2,Male,85.0,4,2,Healthcare Representative,1,Divorced,4000.0,18384.0,1,Y,No,12,3,4,80,2,6.0,2,3,6.0,3.0,1,5.0
45.0,No,Travel_Rarely,1385.0,Research & Development,20.0,2,Medical,1,372,3,Male,79.0,3,4,Healthcare representative,4,Married,13496.0,7501.0,0,Y,Yes,14,3,2,80,0,21.0,2,3,20.0,7.0,4,
36.0,No,Travel_Rarely,1403.0,Research & Development,6.0,3,Life Sciences,1,373,4,male,47.0,3,1,Laboratory Technician,4,Married,3210.0,20251.0,0,Y,No,11,3,3,80,-1,16.0,4,3,15.0,13.0,10,11.0
55.0,No,Travel_Rarely,452.0,Research & Development,1.0,3,Medical,1,374,4, Male ,81.0,3,5,Manager,1,Single,19045.0,18938.0,0,Y,Yes,14,3,3,80,0,37.0,2,3,36.0,10.0,4,13.0
47.0,Yes,Non-Travel,666.0,Research & Development,29.0,4,Life Sciences,1,376,1,Male,88.0,3,3,Manager,2,Married,11849.0,10268.0,1,Y,Yes,12,3,4,80,1,10.0,2,2,10.0,,9,9.0
28.0,No,travel_rarely,1158.0,Research & Development,9.0,3, Medical ,1,377,4,Male,94.0,3,1,Research Scientist,4,Married,2070.0,2613.0,1,Y,No,23,4,4,80,1,5.0,3,2,5.0,2.0,0,4.0
37.0,No,Travel_Rarely,228.0,Sales,6.0,4,Medical,1,378,3,,98.0,3,2,Sales Executive,4,Married,6502.0,22825.0,4,Y,No,14,2,2,80,1,,5,4,5.0,4.0,0,1.0
21.0, NO,Travel_Rarely,996.0,research & development,3.0,2,Medical,1,379,4,Male,100.0,2,1,Research Scientist,3,Single,3230.0,10531.0,1,Y,No,17,3,1,80,0,3.0,4,4,3.0,2.0,1,0.0
37.0,no,Non-Travel,728.0,Research & Development,1.0,4,Medical,1,380,1,Female,80.0,3,3,Research Director,4,Divorced,13603.0,11677.0,2,Y,Yes,18,3,1,80,2,15.0,2,0,5.0,2.0,0,2.0
35.0,No ,Travel_Rarely,1315.0,Research & Development,22.0,3,Life Sciences,1,381,2,Female,71.0,4,3,,2,Divorced,11996.0,19100.0,7,Y,No,18,3,2,80,1,10.0,6,2,7.0,7.0,6,2.0
38.0,No,Travel_Rarely,322.0,Sales,7.0,2,Medical,1,382,1,Female,44.0,4,2,Sales Executive,1,Divorced,5605.0,19191.0,1,Y,Yes,24,4,3,80,1,8.0,3,3,8.0,0.0,7,7.0
,No ,travel_frequently,1479.0,Research & Development,1.0,3,Life Sciences,1,384,3,Female,84.0,3,2,Manufacturing Director,2,Divorced,6397.0,26767.0,1,Y,No,20,4,1,80,1,6.0,6,1,6.0,5.0,1,4.0
50.0,No,Travel_Rarely,797.0,Research & Development,-3.0,1,Life Sciences,1,385,1,Male,96.0,3,5,Research Director,2,Divorced,19144.0,15815.0,3,Y,No,14,3,1,80,2,-2.0,4,2,10.0,4.0,1,6.0
53.0,No,Travel_Rarely,1070.0,Research & Development,3.0,4,Medical,1,386,3,Male,45.0,3,4,Research Director,3,Married,17584.0,21016.0,3,Y,Yes,16,3,4,80,3,21.0,5,2,5.0,3.0,1,25.0
42.0, NO,Travel_Rarely,635.0,Sales,1.0,1,Life Sciences,1,387,2,Male,99.0,3,2,Sales Executive,3,MARRIED,4907.0,24532.0,1,Y,No,25,4,5,80,0,20.0,3,3,20.0,16.0,11,6.0
,No,Travel Frequently,442.0,Sales,2.0,2,Life Sciences,1,388,2,Male,44.0,3,2,Sales Executive,4,Single,4554.0,20260.0,1,Y,No,18,3,1,80,0,,3,2,10.0,7.0,0,9.0
,No,Travel_Rarely,147.0,Research & Development,20.0,2,Technical Degree,1,389,2,Male,37.0,3,2,Laboratory Technician,4,Married,5415.0,15972.0,-1,Y,Yes,19,3,4,80,1,12.0,4,3,10.0,7.0,0,8.0
26.0,No,Travel_Frequently,496.0,Research & Development,11.0,2,Medical,1,390,1,Male,60.0,3,2,Healthcare representative,1,Married,4741.0,22722.0,1,Y,Yes,13,3,3,80,1,5.0,3,3,5.0,3.0,3,3.0
37.0,No,Travel_Rarely,1372.0,Research & Development,1.0,3,,1,391,4,Female,42.0,3,1,Research Scientist,4,Single,2115.0,15881.0,1,Y,No,30,3,2,80,0,17.0,3,3,17.0,12.0,5,7.0
44.0,Yes,Travel_Frequently,920.0,,24.0,3,Life Sciences,1,392,4,Male,43.0,3,1,Laboratory Technician,3,Divorced,3161.0,19920.0,3,Y,Yes,22,4,4,80,1,19.0,0,1,1.0,0.0,0,0.0
38.0,No, Travel_Rarely ,688.0,Research & Development,23.0,4,Life Sciences,1,393,4,Male,82.0,3,2,Healthcare Representative,4,Divorced,5745.0,18899.0,9,Y,No,14,3,2,80,1,10.0,2,3,2.0,2.0,1,2.0
26.0, YES,Travel_Rarely,1449.0,Research & Development,16.0,4,Medical,1,394,1,Male,45.0,3,1,Laboratory Technician,2, Divorced ,2373.0,14180.0,2,Y,Yes,13,3,4,80,1,5.0,2,3,3.0,2.0,0,2.0
28.0,No,Travel_Rarely,1117.0,Research & Development,8.0,2,Life Sciences,1,395,4,Female,66.0,3,1,Research Scientist,4,Single,3310.0,4488.0,1,Y,No,21,4,4,80,0,5.0,3,3,5.0,3.0,0,2.0
49.0, NO,Travel_Frequently,636.0,Research & Development,10.0,4,Life Sciences,1,396,3,Female,35.0,3,5,Research Director,1,Single,18665.0,25594.0,9,Y,Yes,11,3,4,80,0,22.0,4,3,3.0,2.0,1,2.0
36.0,No,Travel_Rarely,506.0,Research and Development,3.0,3,Technical degree,1,397,3,male,30.0,3,2,Research Scientist,2,Single,4485.0,26285.0,4,Y,No,12,3,4,80,0,10.0,2,3,8.0,0.0,7,7.0
31.0,No,Travel_Frequently,-100.0,Sales,5.0,3,Marketing,1,399,4,FEMALE,84.0,3,1,Sales representative,2,Divorced,2789.0,3909.0,1,Y,NO,11,3,3,80,1,2.0,5,2,2.0,2.0,2,2.0
26.0,Yes,Travel_Rarely,950.0,Sales,,4,Marketing,1,401,4, Male ,48.0,2,2,Sales Executive,4,Single,5828.0,,1,Y,Yes,12,3,2,80,0,8.0,0,3,8.0,7.0,7,4.0
37.0,No,Travel_Frequently,889.0,Research & Development,9.0,3,Medical,1,403,2,Male,53.0,3,1,Research Scientist,4,MARRIED,2326.0,11411.0,1,Y,Yes,12,3,3,80,3,4.0,3,2,,2.0,1,
42.0,No,Travel_Frequently,555.0,Sales,26.0,3,Marketing,1,404,3,Female,77.0,3,4,Sales Executive,2,MARRIED,13525.0,14864.0,5,Y,No,14,3,4,80,1,23.0,2,4,20.0,4.0,4,8.0
18.0,Yes,Travel_Rarely,230.0,Research & Development,3.0,3,Life Sciences,1,405,3,Male,54.0,3,1,Laboratory Technician,3,Single,1420.0,25233.0,1,Y,No,13,3,3,80,0,0.0,2,3,0.0,0.0,0,0.0
35.0,,Travel_Rarely,1232.0, Sales ,16.0,3,Marketing,1,406,3,Male,96.0,3,3,Sales Executive,2,Married,,5100.0,0,Y,No,15,3,3,80,2,12.0,3,2,11.0,9.0,6,9.0
36.0,No,Travel_Frequently,566.0,Research & Development,18.0,4,Life Sciences,1,407,3,Male,81.0,4,1,Laboratory Technician,4,Married,3688.0,7122.0,4,Y,No,18,3,4,80,2,4.0,2,3,1.0,0.0,0,0.0
51.0,No,Travel_Rarely,1302.0,Research & Development,2.0,3,Medical,1,408,4,,84.0,1,2,Manufacturing Director,2,Divorced,5482.0,16321.0,5,Y,No,18,3,4,80,1,13.0,3,3,4.0,1.0,1,2.0
41.0,No,Travel_Rarely,334.0,Sales,2.0,4,Life Sciences,1,410,4,Male,88.0,3,4,Manager,5,Single,16015.0,15896.0,1,Y,No,19,3,2,80,0,22.0,2,3,22.0,10.0,0,4.0
18.0,No,Travel_Rarely,812.0,Sales,10.0,3,Medical,1,411,4,Female,69.0,2,1,Sales Representative,3,Single,1200.0,9724.0,1,Y,,12,3,1,80,0,0.0,2,3,0.0,0.0,0,0.0
28.0,No,Travel_Rarely,1476.0,Research & Development,16.0,2,Medical,1,412,2,Male,68.0,4,2,Healthcare Representative,1,Single,5661.0,4824.0,0,Y,No,19,3,3,80,0,9.0,2,3,8.0,3.0,0,7.0
31.0,No,Travel_Rarely,218.0,Sales,7.0,3,Technical Degree,1,416,2,Male,100.0,4,2,Sales Executive,4,Married,6929.0,12241.0,4,Y,No,11,3,2,80,1,10.0,3,2,,7.0,7,7.0
39.0,No,Travel_Rarely,1132.0,Research & Development,1.0,3,Medical,1,417,3,Male,48.0,4,3,Healthcare Representative,4,Divorced,9613.0,10942.0,0,Y,No,17,3,1,80,3,19.0,5,2,18.0,10.0,3,7.0
36.0,No,non-travel,1105.0,,24.0,4,Life Sciences,1,419,2,Female,47.0,3,2,Laboratory Technician,2,married,5674.0,6927.0,7,Y,no,15,3,3,80,1,11.0,3,3,9.0,8.0,0,8.0
32.0,No,Travel_Rarely,906.0,Sales,7.0,3,Life Sciences,1,420,4,Male,91.0,2,2,sales executive,3,Married,5484.0,16985.0,1,Y,No,14,3,3,80,1,13.0,3,2,13.0,8.0,4,8.0
38.0,no,Travel_Rarely,849.0,Research & Development,25.0,2,Life Sciences,1,421,1,Female,81.0,5,3,Research Director,2,Married,12061.0,26707.0,3,Y,No,17,3,3,80,1,19.0,2,3,10.0,8.0,0,1.0
58.0,No,Non-Travel,390.0,Research & Development,1.0,4,life sciences,1,422,4,Male,32.0,1,2,Healthcare Representative,3,Divorced,5660.0,17056.0,2,Y,Yes,13,3,4,80,1,12.0,10,3,5.0,3.0,1,2.0
31.0,No,,691.0,research & development,5.0,4,Technical degree,1,423,3,male,86.0,3,1,Research Scientist,4,Married,4821.0,10077.0,0,Y,Yes,12,3,3,80,1,6.0,4,3,5.0,2.0,0,3.0
31.0,No, Travel_Rarely ,106.0,Human Resources,2.0,3,Human Resources,1,424,1,Male,62.0,2,2,Human Resources,1,Married,6410.0,17822.0,3,Y,No,12,3,4,80,0,9.0,1,3,2.0,2.0,1,0.0
45.0,No,Travel_Frequently,1249.0,Research & Development,7.0,3,Life Sciences,1,425,1,MALE,97.0,3,3,Laboratory Technician,1,Divorced,5210.0,20308.0,1,Y,no,18,3,1,80,1,24.0,2,3,24.0,9.0,9,11.0
31.0,No,Travel_Rarely,192.0,Research & Development,2.0,4,Life Sciences,1,426,3,MALE,32.0,3,1,Research Scientist,4,Divorced,2695.0,7747.0,0,Y,Yes,18,3,2,80,1,3.0,2,1,2.0,2.0,2,2.0
33.0,No,Travel_Frequently,553.0,Research & Development,5.0,4,Life Sciences,1,428,4,Female,74.0,3,3,Manager,2,Married,11878.0,23364.0,6,Y,No,11,3,2,80,2,,2,3,10.0,6.0,8,8.0
39.0,No,travel_rarely,117.0,Research & Development,10.0,1,Medical,1,429,3,Male,99.0,3,4,Manager,1,married,17068.0,5355.0,1,Y,Yes,14,3,4,80,0,21.0,3,3,21.0,9.0,11,10.0
43.0,No, Travel_Frequently ,185.0,Research and Development,10.0,4,life sciences,1,430,3,Female,33.0,3,1,Laboratory Technician,4,Single,2455.0,10675.0,0,Y,No,19,3,1,80,0,9.0,5,3,8.0,7.0,1,7.0
49.0,No,Travel_Rarely,1091.0,Research & Development,1.0,2,Technical Degree,1,431,3,Female,90.0,2,4,Healthcare Representative,3,SINGLE,13964.0,17810.0,7,Y,Yes,12,3,4,80,0,25.0,2,3,7.0,1.0,0,7.0
52.0,Yes,Travel_Rarely,723.0,Research & Development,8.0,4,Medical,1,433,3, Male ,85.0,2,2,Research Scientist,2,married,4941.0,17747.0,2,Y,No,15,3,1,80,0,11.0,3,2,8.0,2.0,7,
27.0,No,Travel_Rarely,1220.0,Research and Development,5.0,3,Life Sciences,1,434,3,Female,85.0,3,1,Research Scientist,2,Single,2478.0,20938.0,1,Y,Yes,12,3,2,80,0,4.0,2,2,4.0,3.0,1,2.0
32.0,No,Travel_Rarely,588.0,Sales,8.0,2,Technical Degree,1,436,3,Female,65.0,2,2,sales executive,2,Married,5228.0,24624.0,1,Y,Yes,11,3,4,80,0,13.0,2,3,13.0,12.0,11,9.0
27.0,No,Travel_Rarely,1377.0,Sales,2.0,3,life sciences,1,437,4,Male,74.0,3,2,Sales Executive,3,,4478.0,5242.0,1,Y,Yes,11,3,1,80,0,5.0,3,3,5.0,4.0,0,4.0
31.0,No,travel_rarely,691.0,Sales,7.0,3,Marketing,1,438,4,Male,73.0,3,2,Sales Executive,4,Divorced,7547.0,7143.0,4,Y,No,12,3,4,80,3,13.0,3,3,7.0,7.0,1,7.0
32.0,No,Travel_Rarely,1018.0,Research & Development,2.0,4,Medical,1,439,1,Female,74.0,4,2,Research Scientist,4,SINGLE,5055.0,10557.0,7,Y,No,16,3,3,80,0,10.0,0,2,7.0,7.0,0,7.0
28.0,Yes,Travel_Rarely,1157.0,Research & Development,2.0,4,,1,440,1,Male,84.0,1,1,Research Scientist,4,Married,3464.0,24737.0,5,Y,,13,3,4,80,0,5.0,4,2,3.0,2.0,2,2.0
,No,Travel_Rarely,1275.0,Research and Development,28.0,2,Medical,1,441,4,FEMALE,64.0,3,2,Research Scientist,4,Married,5775.0,11934.0,1,Y,No,13,3,4,80,2,11.0,2,3,10.0,8.0,1,9.0
31.0, NO,Travel_Frequently,798.0,Research & Development,7.0,2,Life Sciences,1,442,3,Female,48.0,2,3,Manufacturing Director,3,Married,8943.0,14034.0,1,Y,No,24,4,1,80,1,10.0,2,3,10.0,9.0,8,9.0
39.0,No,Travel_Frequently,672.0,Research & Development,7.0,2,Medical,1,444,3,Male,54.0,2,5,Manager,4,Married,19272.0,21141.0,1,Y,No,15,3,1,80,1,21.0,2,3,21.0,9.0,13,3.0
39.0,Yes,Travel_Rarely,,Sales,3.0,2,Medical,1,445,4,Female,41.0,3,2,sales executive,3,Married,5238.0,17778.0,4,Y,Yes,18,3,1,80,0,12.0,3,2,1.0,0.0,0,0.0
33.0,No,Travel_Frequently,508.0,Sales,,3,Marketing,1,446,2,Male,46.0,2,2,Sales Executive,4,Single,4682.0,4317.0,3,Y,No,14,3,3,80,0,9.0,6,2,7.0,7.0,0,1.0
47.0,No,Travel_Rarely,1482.0,Research & Development,,5,Life Sciences,1,447,4,Male,42.0,3,5,Research Director,3,Married,18300.0,16375.0,4,Y,No,11,3,2,80,1,21.0,2,3,3.0,2.0,1,1.0
43.0,No,Travel_Frequently,559.0,Research & Development,10.0,4,Life Sciences,1,448,3,Female,82.0,2,2,Laboratory Technician,3, Divorced ,5257.0,6227.0,1,Y,No,11,3,2,80,1,9.0,3,4,9.0,7.0,0,0.0
27.0,No,Non-Travel,210.0,Sales,1.0,1,Marketing,1,449,3,Male,73.0,3,2,sales executive,2,Married,6349.0,22107.0,0,Y,Yes,13,3,4,80,1,6.0,0,3,5.0,4.0,1,4.0
54.0,,Travel_Frequently,928.0,Research & Development,20.0,4,Life Sciences,1,450,4,female,31.0,3,2,Research Scientist,3,SINGLE,4869.0,16885.0,3,Y,No,12,3,4,80,0,20.0,4,2,4.0,3.0,0,
43.0,No,Travel Rarely,1001.0,Research & Development,7.0,3,Life Sciences,1,451,3,Female,43.0,3,3,Healthcare Representative,1,Married,9985.0,9262.0,8,Y,No,16,3,1,80,1,10.0,1,2,1.0,0.0,0,0.0
45.0,No,Travel_Rarely,549.0,Research & Development,8.0,4,Other,1,452,4,Male,75.0,3,2,Research Scientist,4,Married,3697.0,9278.0,9,Y,No,14,3,1,80,2,12.0,3,3,10.0,9.0,9,8.0
40.0,,Travel_Rarely,1124.0,Sales,1.0,2,,1,453,2,Male,57.0,1,2,Sales Executive,4,Married,,13273.0,2,Y,Yes,22,4,3,80,3,6.0,2,2,4.0,3.0,0,2.0
29.0,Yes,Travel_Rarely,318.0,Research & Development,8.0,4,Other,1,454,2,Male,,1,1,Laboratory Technician,1,Married,2119.0,4759.0,1,Y,Yes,11,3,4,80,0,7.0,4,2,7.0,7.0,0,7.0
29.0,No,Travel_Rarely,738.0,Research & Development,9.0,5,Other,1,455,2,Male,30.0,2,1,Laboratory Technician,4,,3983.0,35000.0,0,Y,No,17,3,3,80,0,4.0,2,0,3.0,2.0,2,2.0
30.0,No,Travel_Rarely,570.0,Sales,5.0,3,Marketing,1,456,4,Female,30.0,2,2,Sales Executive,3,divorced,,5431.0,1,Y,No,13,3,3,80,3,10.0,2,3,10.0,9.0,1,2.0
27.0,No,Travel_Rarely,1130.0,Sales,,4,Marketing,1,458,2,Female,56.0,3,2,Sales Executive,2,Married,6214.0,3415.0,1,Y,No,18,3,1,80,1,8.0,3,3,8.0,7.0,0,7.0
37.0,No,Travel_Rarely,1192.0,Research & Development,5.0,2,Medical,1,460,4,Male,61.0,3,2,Manufacturing Director,4,Divorced,6347.0,23177.0,7,Y,no,16,3,3,80,2,8.0,10,2,6.0,2.0,0,4.0
38.0,No,Travel_Rarely,343.0,Research & Development,15.0,2,Life Sciences,1,461,3,Male,92.0,2,3,Research Director,4,Divorced,11510.0,15682.0,0,Y,,14,3,2,80,1,12.0,3,3,11.0,10.0,2,9.0
31.0,No,Travel_Rarely,1232.0,Research & Development,7.0,4,Medical,1,462,3,Female,39.0,3,3,Manufacturing Director,4,single,,25713.0,1,Y,Yes,14,3,3,80,0,11.0,2,2,,9.0,4,10.0
29.0,No,Travel_Rarely,144.0,Sales,10.0,1,Marketing,1,463,4,Female,39.0,2,2,Sales Executive,2,Divorced,8268.0,11866.0,1,Y,Yes,14,3,5,80,2,7.0,2,3,7.0,7.0,1,7.0
35.0,No,,,Research & Development,5.0,4,Technical degree,1,464,3,Male,62.0,3,3,Manufacturing Director,2,SINGLE,8095.0,18264.0,0,Y,No,13,3,4,80,0,17.0,5,3,16.0,6.0,0,13.0
23.0,No,Travel_Rarely,1309.0,Research & Development,26.0,1,Life Sciences,1,465,3,Male,83.0,3,1,Research Scientist,4,Divorced,2904.0,16092.0,1,Y,No,12,3,3,80,2,4.0,2,2,4.0,2.0,0,2.0
41.0,No,Travel_Rarely,483.0,Research & Development,,3,Medical,1,466,4,Male,95.0,2,2,Manufacturing Director,2,Single,25000.0,10110.0,6,Y,Yes,15,3,4,80,0,8.0,3,3,5.0,4.0,1,2.0
47.0,No,Travel_Frequently,1309.0,Sales,4.0,1,Medical,1,467,2,Male,99.0,3,2,Sales Representative,3,Single,2976.0,25751.0,3,Y,No,19,3,1,80,0,5.0,3,3,0.0,0.0,0,0.0
42.0,,Travel Rarely,810.0,Research & Development,23.0,5,Life Sciences,1,468,1,Female,44.0,3,4,Research Director,4,SINGLE,15992.0,15901.0,-1,Y,No,14,3,2,80,0,16.0,2,3,1.0,0.0,0,0.0
29.0,No,Non-Travel,746.0,Sales,2.0,3,,1,469,4,Male,61.0,3,2,Sales Executive,3,,4649.0,16928.0,1,Y,No,14,3,1,80,1,4.0,3,2,4.0,3.0,25,2.0
42.0,No, Travel_Rarely ,544.0,Human Resources,2.0,1,Technical degree,1,470,3,MALE,52.0,3,1,Human Resources,3,,2696.0,24017.0,0,Y,Yes,11,3,3,80,1,4.0,5,3,3.0,2.0,1,0.0
32.0,No,Travel_Rarely,1062.0,,2.0,3,Medical,1,471,3,Female,75.0,3,1,Laboratory Technician,2,Married,2370.0,3956.0,1,Y,No,13,3,3,80,1,8.0,4,3,8.0,0.0,0,7.0
48.0,No,Travel_Rarely,530.0,Sales,-5.0,1,Medical,1,473,1,Female,91.0,3,3,Manager,3,Married,12504.0,23978.0,3,Y, No ,21,4,2,80,1,15.0,3,1,0.0,0.0,0,0.0
37.0,No ,Travel_Rarely,1319.0,Research & Development,6.0,3,Medical,1,474,3,Male,51.0,4,2,Research Scientist,1, Divorced ,5974.0,17001.0,4,Y,Yes,13,3,1,80,2,13.0,2,3,7.0,7.0,6,7.0
30.0,No,non-travel,641.0,SALES,25.0,2,Technical Degree,1,475,4,Female,85.0,3,2,Sales Executive,3,Married,4736.0,6069.0,7,Y,Yes,12,3,2,80,1,4.0,2,4,2.0,2.0,2,2.0
26.0,,Travel_Rarely,933.0,Sales,1.0,3,Life Sciences,1,476,3,Male,57.0,3,2,Sales Executive,3,Married,5296.0,20156.0,1,Y,NO,17,3,2,80,1,8.0,3,3,8.0,7.0,7,7.0
42.0,No,Travel_Rarely,1332.0,Research & Development,2.0,6,Other,1,477,1,Male,98.0,2,2,Healthcare Representative,4,Single,25000.0,17078.0,3,Y,no,23,4,2,80,0,14.0,6,3,1.0,0.0,0,
21.0,Yes ,Travel_Frequently,756.0,Sales,1.0,1,Technical Degree,1,478,1,Female,99.0,2,1,Sales Representative,2,Single,2174.0,9150.0,1,Y,Yes,11,3,3,80,0,60.0,3,3,3.0,2.0,1,2.0
36.0,No,Non-Travel,845.0,SALES,1.0,5,Medical,1,479,4, Female ,45.0,3,2,Sales Executive,4,Single,,15276.0,4,Y,No,15,3,2,80,0,7.0,6,3,1.0,0.0,0,0.0
36.0,No,Travel_Frequently,541.0,Sales,3.0,4,Medical,1,481,1,Male,48.0,2,3,Sales Executive,4,Married,9699.0,7246.0,4,Y,No,30,3,1,80,1,16.0,2,3,13.0,9.0,1,12.0
57.0,No,Travel_Rarely,593.0,Research & Development,1.0,4,Medical,1,482,4,Male,88.0,3,2,Healthcare Representative,3,married,6755.0,2967.0,2,Y,NO,11,3,3,80,0,,2,3,3.0,2.0,1,2.0
40.0,No,Travel_Rarely,1171.0,Research & Development,10.0,4,life sciences,1,483,4,Female,,4,1,Laboratory Technician,3,Married,2213.0,22495.0,3,Y,Yes,13,3,3,80,1,10.0,3,3,7.0,7.0,1,7.0
21.0,No, Non-Travel ,895.0,Sales,9.0,2,,1,484,1,Male,39.0,3,1,Sales Representative,4,Single,2610.0,2851.0,1,Y,No,24,4,3,80,0,3.0,3,2,13.0,2.0,2,2.0
33.0,Yes,Travel_Rarely,350.0,Sales,5.0,3,Marketing,1,485,4,Female,34.0,3,1,Sales Representative,3,Single,2851.0,9150.0,1,Y, Yes ,13,3,2,80,0,1.0,2,3,1.0,0.0,0,0.0
37.0,No,Travel_Rarely,921.0,Research & Development,10.0,3,Medical,1,486,3,Female,,3,1,Laboratory Technician,1,Married,3452.0,17663.0,6,Y,No,20,4,2,80,1,17.0,3,3,5.0,4.0,0,3.0
46.0,No,Non-Travel,1144.0,Research & Development,7.0,4,Medical,1,487,3,,30.0,5,2,Manufacturing Director,3,Married,5258.0,16044.0,2,Y,No,14,3,3,80,0,7.0,2,4,1.0,0.0,0,0.0
41.0,Yes,Travel_Frequently,143.0, Sales ,4.0,3,Marketing,1,488,1,Male,56.0,3,2,Sales Executive,2,Single,9355.0,9558.0,1,Y,No,18,3,3,80,0,8.0,5,3,8.0,,7,7.0
50.0,No,Travel_Rarely,1046.0,Research & Development,10.0,3,Technical Degree,1,491,4,Male,100.0,2,3,Healthcare Representative,4,Single,10496.0,2755.0,6,Y,No,15,3,4,80,0,,2,3,4.0,3.0,1,3.0
40.0,Yes,Travel_Rarely,575.0,Sales,22.0,2,,1,492,3,Male,68.0,2,2,Sales Executive,3,Married,6380.0,6110.0,2,Y, Yes ,12,3,1,80,2,8.0,6,3,6.0,4.0,1,0.0
31.0,No,Travel_Rarely,408.0,Research & Development,9.0,4,Life Sciences,1,493,3,Male,42.0,2,1,Research Scientist,2,single,2657.0,7551.0,0,Y,Yes,16,3,0,80,0,3.0,5,3,2.0,2.0,2,2.0
21.0,Yes,Travel_Rarely,156.0,Sales,12.0,3,life sciences,1,494,3,Female,90.0,4,1,Sales Representative,2,Single,2716.0,25422.0,1,Y,No,15,3,4,80,0,1.0,0,3,1.0,0.0,0,0.0
29.0,No,Travel_Rarely,1283.0,Research & Development,,3,Life Sciences,1,495,4,Male,54.0,3,1,Research Scientist,4,Single,2201.0,18168.0,9,Y,No,16,3,4,80,0,6.0,4,3,3.0,2.0,1,2.0
35.0,No,Travel_Rarely,755.0,Research & Development,9.0,4,,1,496,3,Male,97.0,2,2,Healthcare Representative,2,Single,6540.0,19394.0,9,Y, No ,19,3,3,80,0,10.0,5,3,1.0,1.0,0,0.0
65.0,No,Travel_Rarely,1469.0,Research & Development,,2,Medical,1,497,4,Male,82.0,3,1,Laboratory Technician,2,Divorced,3816.0,17881.0,1,Y,No,11,3,2,80,1,5.0,2,3,5.0,2.0,0,4.0
28.0,,Travel_Rarely,304.0,Sales,9.0,4,Life Sciences,1,498,2,Male,92.0,3,2,Sales Executive,4,Single,5253.0,20750.0,1,Y,No,16,3,4,80,0,7.0,1,3,7.0,5.0,0,7.0
49.0,No,Travel_Rarely,1261.0,Research & Development,7.0,3,Other,1,499,2,MALE,31.0,2,3,Healthcare representative,3,Single,10965.0,12066.0,8,Y,No,24,4,3,80,0,,2,3,5.0,2.0,0,0.0
51.0,No,Travel_Rarely,1178.0,Sales,14.0,2,Life Sciences,1,500,3,Female,87.0,3,2,Sales Executive,4,,4936.0,14862.0,4,Y,No,11,3,3,80,1,18.0,2,2,7.0,7.0,0,7.0
36.0,No,Travel_Rarely,329.0,Research & Development,2.0,3,Life Sciences,1,501,4,Female,96.0,3,1,Research scientist,3,Married,2543.0,11868.0,4,Y,NO,13,3,2,80,1,6.0,3,3,2.0,2.0,2,2.0
34.0,Yes,Non-Travel,1362.0,Sales,19.0,3,Marketing,1,502,1,Male,67.0,4,2,Sales Executive,4,Single,5304.0,4652.0,8,Y,Yes,13,3,2,80,0,9.0,3,2,5.0,2.0,0,4.0
55.0,No,Travel_Rarely,1311.0,research & development,2.0,3,Life Sciences,1,505,3,Female,97.0,3,4,,4,Single,16659.0,23258.0,2,Y,Yes,13,3,3,80,0,30.0,2,3,5.0,4.0,1,2.0
24.0,No,Travel_Rarely,1371.0,,10.0,4,Marketing,1,507,4,Female,77.0,3,2,Sales Executive,3,Divorced,4260.0,5915.0,1,Y,Yes,12,3,4,80,1,5.0,2,4,5.0,2.0,0,3.0
30.0,,Travel_Rarely,202.0,Sales,2.0,1,Technical Degree,1,508,3,Male,72.0,3,1,Sales Representative,2,Married,2476.0,17434.0,1,Y,No,18,3,1,80,1,1.0,3,3,1.0,0.0,0,0.0
26.0,Yes,Travel_Frequently,,Research & Development,3.0,1,Technical Degree,1,510,3,Male,73.0,3,1,Research Scientist,1,Single,,6582.0,0,Y,No,22,4,3,80,0,7.0,2,3,6.0,4.0,0,4.0
22.0,No,Travel_Rarely,253.0,Research & Development,11.0,3,Medical,1,511,1,female,43.0,3,1,Research scientist,2,Married,2244.0,,1,Y,No,13,3,4,80,1,,1,3,2.0,1.0,1,2.0
36.0,No,Travel_Rarely,164.0,Sales,2.0,2,Medical,1,513,2,Male,61.0,2,3,Sales Executive,3,Married,7596.0,3809.0,1,Y,No,13,3,2,80,2,10.0,2,3,10.0,9.0,9,0.0
30.0,Yes,Travel_Frequently,,Research & development ,4.0,3,Technical Degree,1,514,3,Male,40.0,3,1,Research Scientist,4,Single,2285.0,3427.0,9,Y,Yes,23,4,3,80,0,3.0,4,3,1.0,0.0,0,0.0
37.0,No,Travel_Rarely,1107.0,Research & Development,14.0,3,Life Sciences,1,515,4,Female,95.0,3,1,Laboratory Technician,1,Divorced,3034.0,26914.0,1,Y,No,12,3,3,80,1,18.0,2,2,18.0,7.0,12,17.0
40.0,No,Travel_Rarely,,Sales,2.0,2,Marketing,1,516,4,Female,46.0,3,2,Sales Executive,2,Divorced,5715.0,22553.0,7,Y,no,12,3,3,80,2,8.0,5,3,5.0,4.0,1,3.0
42.0,No,Travel_Rarely,201.0,Research & development ,1.0,4,Life Sciences,1,517,2,female,95.0,3,1,Laboratory Technician,1,Divorced,2576.0,20490.0,3,Y,No,16,3,2,80,1,8.0,5,3,5.0,2.0,1,
37.0,No,,1305.0,Research & Development,10.0,4,Life Sciences,1,518,3,Male,49.0,3,2,Manufacturing Director,2,Single,4197.0,21123.0,2,Y,,12,3,4,80,0,18.0,2,2,1.0,0.0,0,1.0
43.0,No,Travel_Rarely,982.0,Research and Development,12.0,3,Life Sciences,1,520,1,Male,59.0,2,4,Research Director,2,Divorced,14336.0,4345.0,1,Y,No,11,3,3,80,1,25.0,3,3,25.0,10.0,3,9.0
40.0,No,Travel_Rarely,555.0,Research & Development,2.0,3,Medical,1,521,0,Female,78.0,2,2,Laboratory Technician,3,Married,3448.0,13436.0,6,Y,No,22,4,2,80,1,20.0,3,3,1.0,0.0,0,0.0
54.0,No,travel_rarely,821.0,Research & Development,5.0,2, Medical ,1,522,1,Male,86.0,3,5,Research Director,1,Married,19406.0,8509.0,4,Y,No,11,3,3,80,1,24.0,4,2,4.0,2.0,1,2.0
34.0,No,Non-Travel,1381.0,Sales,4.0,4,Marketing,1,523,3,Female,72.0,3,2,sales executive,3,Married,6538.0,,9,Y,No,15,3,1,80,1,6.0,3,3,3.0,2.0,1,2.0
31.0,no,Travel_Rarely,480.0,Research & Development,7.0,2,Medical,1,524,2,Female,31.0,3,2,Manufacturing Director,1,Married,4306.0,4156.0,1,Y,No,12,3,2,80,1,13.0,5,1,13.0,10.0,3,12.0
43.0,No,Travel_Frequently,,Research & Development,21.0,3,Medical,1,525,4,Male,61.0,3,1,Laboratory Technician,4,Married,2258.0,15238.0,7,Y,No,20,4,1,80,1,8.0,1,3,,2.0,1,2.0
43.0,No ,Travel_Rarely,1473.0,Research & Development,8.0,4,Other,1,526,3,Female,74.0,3,2,Healthcare Representative,3,Divorced,4522.0,2227.0,4,Y,Yes,14,3,4,80,0,8.0,3,3,-2.0,2.0,0,2.0
,No,Travel_Rarely,891.0,Sales,4.0,2,Life Sciences,1,527,2, Female ,99.0,2,2,,4,Single,4487.0,12090.0,1,Y,Yes,11,3,2,80,0,5.0,3,3,5.0,,1,3.0
37.0,No,Non-Travel,1063.0,Research & Development,25.0,5,Medical,1,529,2,Female,72.0,3,2,Research Scientist,3,Married,4449.0,23866.0,3,Y,Yes,15,3,1,80,2,15.0,2,3,13.0,11.0,10,7.0
31.0,,Travel_Rarely,,Research & Development,,2,Life Sciences,1,530,4,Male,98.0,2,1,Laboratory Technician,1, Married ,2218.0,16193.0,1,Y,No,12,3,3,80,1,4.0,3,3,4.0,2.0,3,2.0
39.0,No,Travel_Frequently,1218.0,research & development,,1,Life Sciences,1,531,2,,52.0,3,5,Manager,3,DIVORCED,19197.0,8213.0,1,Y,Yes,14,3,3,80,1,21.0,3,3,21.0,8.0,1,6.0
56.0,No,Travel_Frequently,906.0,Sales,6.0,3,Life Sciences,1,532,3,Female,86.0,4,4,Sales Executive,1,Married,13212.0,18256.0,9,Y,No,11,3,0,80,3,36.0,0,2,7.0,7.0,7,7.0
30.0,No,Travel_Rarely,1082.0,Sales,12.0,3,Technical Degree,1,533,2,female,,3,2,Sales Executive,3,Single,6577.0,19558.0,0,Y, No ,11,3,2,80,0,6.0,6,3,5.0,4.0,4,4.0
41.0,No,Travel_Rarely,645.0,Sales,1.0,3,Marketing,1,534,2,Male,49.0,4,3,Sales Executive,1,Married,8392.0,19566.0,1,Y,No,16,3,3,80,1,10.0,2,3,10.0,7.0,0,7.0
28.0,No,Travel_Rarely,1300.0,Research & Development,17.0,2,Medical,1,536,3,Male,,3,2,Laboratory Technician,1,Divorced,4558.0,13535.0,1,Y,No,12,3,4,80,1,10.0,2,3,10.0,0.0,1,8.0
25.0,Yes,Travel_Rarely,688.0,Research & Development,3.0,3,Medical,1,538,1,Male,91.0,3,1,Laboratory Technician,1,Married,4031.0,9396.0,5,Y,No,13,3,3,80,1,60.0,5,3,2.0,2.0,0,2.0
52.0,No,Travel_Rarely,319.0,Research & Development,-5.0,3,Medical,1,543,4,Male,39.0,2,3,Manufacturing Director,3,Married,7969.0,19609.0,2,Y,Yes,14,3,3,80,0,28.0,4,3,5.0,4.0,0,4.0
45.0,no,Travel_Rarely,192.0,Research & Development,10.0,2,Life Sciences,1,544,1,Male,69.0,3,1,Research Scientist,4,Married,2654.0,9655.0,3,Y,No,21,4,4,80,2,8.0,3,2,2.0,2.0,0,2.0
52.0,No,Travel_Rarely,1490.0,Research & Development,4.0,2,Life Sciences,1,546,4, Female ,30.0,3,4,Manager,4,Married,16555.0,10310.0,2,Y,No,13,3,4,80,0,31.0,2,1,5.0,2.0,1,4.0
42.0,No,Travel_Frequently,532.0,Research & Development,29.0,6,Life Sciences,1,547,1,Female,92.0,3,2,Research Scientist,3,Divorced,4556.0,12932.0,2,Y,No,11,3,2,80,1,19.0,3,3,5.0,4.0,0,2.0
30.0,No,Travel Rarely,317.0,Research & Development,2.0,3,Life Sciences,1,548,3,Female,43.0,1,2,Manufacturing Director,4,Single,6091.0,24793.0,2,Y,No,20,4,3,80,0,11.0,2,3,5.0,4.0,0,2.0
60.0,No,Travel_Rarely,422.0,Research & Development,7.0,3,Life Sciences,1,549,1,Female,41.0,3,5, manager ,1,Married,19566.0,3854.0,5,Y,,11,3,4,80,0,33.0,5,1,29.0,,11,10.0
46.0,No,Travel_Rarely,,Research & Development,18.0,3, Medical ,1,550,3,Female,87.0,3,2,Manufacturing Director,3,Divorced,4810.0,26314.0,2,Y,No,14,3,3,80,1,19.0,5,2,10.0,7.0,0,8.0
70.0,No,Travel_Frequently,1368.0,Research & Development,28.0,4,Technical Degree,1,551,4,Female,88.0,2,2,,4,Married,4523.0,4386.0,0,Y,No,11,5,4,80,3,7.0,4,4,6.0,5.0,0,4.0
24.0,,Travel_Rarely,1448.0, Sales ,1.0,1,Technical Degree,1,554,1,Female,62.0,3,1,Sales Representative,2,Single,3202.0,21972.0,1,Y,Yes,16,3,2,80,0,6.0,4,3,5.0,3.0,1,4.0
34.0,Yes,Travel_Frequently,296.0,Sales,6.0,2,Marketing,1,555,4,Female,,1,1,Sales Representative,3,Divorced,2351.0,12253.0,0,Y,No,16,3,4,80,1,3.0,3,2,2.0,2.0,1,0.0
38.0,No,Travel_Frequently,1490.0,Research & Development,2.0,2,Life Sciences,1,556,4,male,42.0,3,1,Laboratory Technician,4,Married,1702.0,12106.0,1,Y,Yes,23,4,3,80,1,1.0,3,3,1.0,0.0,0,0.0
40.0,No,Travel_Rarely,1398.0,Sales,2.0,4,Life Sciences,1,558,3,Female,79.0,3,5,Manager,3,Married,18041.0,13022.0,0,Y,no,14,3,4,80,0,21.0,2,3,20.0,15.0,1,12.0
26.0,No,Travel_Rarely,1349.0,Research & Development,23.0,3,Life Sciences,1,560,1,Female,90.0,3,1,Research Scientist,4,DIVORCED,2886.0,3032.0,1,Y,No,22,4,2,80,2,3.0,3,1,3.0,2.0,0,2.0
30.0,,Non-Travel,1400.0,Research & Development,3.0,3,Life Sciences,1,562,3,Male,53.0,3,1,Laboratory Technician,4,,2097.0,16734.0,4,Y,No,15,3,3,80,1,9.0,3,1,5.0,3.0,1,4.0
29.0,No,Travel_Rarely,986.0,Research & Development,3.0,4,Medical,1,564,2,Male,93.0,2,3,Research Director,3,married,11935.0,21526.0,1,Y,No,18,3,3,80,0,10.0,2,3,10.0,2.0,0,
29.0,Yes,Travel_Rarely,408.0,Research & Development,,5,Technical Degree,1,565,3,Female,71.0,2,1,Research Scientist,2,,2546.0,18300.0,5,Y,No,30,3,2,80,0,6.0,2,4,2.0,2.0,1,1.0
19.0,Yes,Travel_Rarely,489.0,Human Resources,2.0,2,Technical Degree,1,566,1,Male,,2,1,Human Resources,4, Single ,2564.0,18437.0,1,Y,NO,12,3,3,80,0,1.0,3,4,1.0,,0,0.0
30.0,No,,1398.0,Sales,22.0,4,,1,567,3,Female,69.0,3,3,Sales Executive,1,Married,8412.0,2890.0,0,Y, No ,11,3,3,80,0,10.0,3,3,9.0,8.0,7,
57.0,No,Travel_Rarely,210.0,Sales,29.0,3,Marketing,1,568,1,Male,56.0,2,4,Manager,4,Divorced,14118.0,22102.0,3,Y,,12,3,3,80,1,32.0,3,2,1.0,0.0,0,0.0
50.0,No,Travel_Rarely,1099.0,Research & Development,29.0,4,Life Sciences,1,569,2,Male,88.0,2,4,Manager,3,Married,17046.0,9314.0,0,Y,No,0,3,2,80,1,28.0,2,3,27.0,10.0,15,-1.0
30.0,No ,Non-Travel,1116.0,Research and Development,2.0,3, Medical ,1,571,3,Female,49.0,3,1,Laboratory Technician,4, Single ,2564.0,7181.0,0,Y,No,14,3,3,80,0,12.0,2,2,11.0,7.0,6,7.0
60.0,No,Travel_Frequently,1499.0,Sales,,3,Marketing,1,573,3,Female,80.0,2,3,Sales Executive,1,,10266.0,2845.0,4,Y,No,19,3,4,80,0,22.0,5,4,18.0,13.0,13,11.0
47.0,No,Travel_Rarely,983.0,Research & Development,2.0,2,Medical,1,574,1,Female,65.0,3,2,Manufacturing Director,4,Divorced,5070.0,7389.0,5,Y,No,13,3,3,80,3,20.0,2,3,5.0,0.0,0,4.0
46.0,no,Travel_Rarely,1009.0,Research & Development,2.0,3,Life Sciences,1,575,1,Male,51.0,3,4,Research Director,3,Married,17861.0,2288.0,6,Y,No,13,3,3,80,0,26.0,2,1,3.0,2.0,0,1.0
35.0,No,Travel_Rarely,144.0,Research & Development,22.0,3,Life Sciences,1,577,4,Male,46.0,1,1,Laboratory Technician,3, Single ,4230.0,19225.0,-1,Y,No,15,3,3,80,0,6.0,2,3,5.0,4.0,4,3.0
54.0,No,Travel_Rarely,548.0,Research & Development,8.0,4,Life Sciences,1,578,3,Female,42.0,3,2,Laboratory Technician,3,Single,,23428.0,7,Y,No,11,3,3,80,0,19.0,3,3,1.0,0.0,0,0.0
34.0,No,Travel_Rarely,1303.0,Research & Development,2.0,4,Life Sciences,1,579,4,Male,62.0,2,1,Research Scientist,3,Divorced,2768.0,8416.0,3,Y,No,12,3,3,80,1,14.0,3,3,7.0,3.0,5,7.0
46.0,No,Travel_Rarely,1125.0,Sales,10.0,3,Marketing,1,580,3,Female,94.0,2,3,Sales Executive,4,Married,9071.0,,2,Y,Yes,19,3,3,80,4,15.0,3,3,3.0,2.0,1,2.0
31.0,,Travel_Rarely,,Research & Development,9.0,1,,1,581,3,Male,33.0,3,3,Manufacturing Director,2,DIVORCED,10648.0,-1000.0,1,Y,No,25,4,4,80,1,13.0,6,4,13.0,8.0,0,8.0
33.0,Yes,Travel_Rarely,1277.0,Research & Development,15.0,1,Medical,1,582,2,Male,56.0,3,3,,3,Married,13610.0,24619.0,7,Y, Yes ,12,3,4,80,0,15.0,2,5,7.0,6.0,7,7.0
33.0,Yes,,587.0,research & development,,1,Medical,1,584,1,Male,38.0,1,1,Laboratory Technician,4,Divorced,3408.0,6705.0,7,Y,No,13,3,1,80,3,8.0,2,3,4.0,3.0,1,3.0
30.0,No,Travel_Rarely,413.0,SALES,7.0,1,Marketing,1,585,4,Male,57.0,3,1,Sales representative,2, Single ,2983.0,18398.0,0,Y,No,14,3,1,80,0,4.0,3,3,-2.0,,1,2.0
35.0,No,Travel_Rarely,1276.0,Research & Development,16.0,3,life sciences,1,586,4,Male,72.0,3,3,Healthcare Representative,3,Married,7632.0,14295.0,4,Y,Yes,12,3,3,80,0,,2,3,8.0,7.0,0,0.0
31.0,Yes,Travel_Frequently,534.0,Research & Development,20.0,3,Life Sciences,1,587,1,Male,66.0,3,3,Healthcare Representative,3,MARRIED,9824.0,22908.0,3,Y,No,12,3,1,80,0,12.0,2,3,1.0,0.0,0,0.0
34.0,Yes,Travel_Frequently,0.0,Human Resources,23.0,3,Human Resources,1,590,2,Female,43.0,3,3,human resources,1,Divorced,9950.0,11533.0,9,Y,Yes,15,3,3,80,3,11.0,2,3,3.0,2.0,0,
42.0,No,Travel_Frequently,1474.0,Research & Development,5.0,2,Other,1,591,2,Male,97.0,3,1,Laboratory Technician,3,Married,2093.0,9260.0,4,Y,No,17,3,4,80,1,8.0,4,3,2.0,2.0,2,0.0
36.0,No,Non-Travel,635.0,Sales,10.0,4,,1,592,2,Male,,3,3,Sales Executive,4,Single,9980.0,15318.0,1,Y,No,14,3,4,80,-1,10.0,3,2,10.0,3.0,9,7.0
22.0,Yes,Travel_Frequently,1368.0,Research & Development,4.0,1,Technical Degree,1,593,3,Male,99.0,2,1,Laboratory Technician,3,single,3894.0,9129.0,5,Y,no,16,2,3,80,0,4.0,3,3,2.0,2.0,1,2.0
48.0,No,Travel Rarely,163.0,Sales,2.0,5,Marketing,1,595,2,Female,37.0,3,2,Sales Executive,4,Married,4051.0,,2,Y,No,14,3,1,80,1,14.0,2,3,,7.0,6,7.0
55.0,,Travel_Rarely,1117.0,Sales,18.0,5,Life Sciences,1,597,1,Female,83.0,3,4,Manager,2,,16835.0,9873.0,3,Y,No,23,4,4,80,0,37.0,2,3,10.0,9.0,7,7.0
41.0,No,Non-Travel,267.0,Sales,,2,life sciences,1,599,4,Male,56.0,3,2,Sales Executive,4,Single,6230.0,,7,Y,No,14,3,4,80,0,16.0,3,3,14.0,3.0,1,10.0
35.0,No,Travel_Rarely,619.0,Sales,,3,Marketing,1,600,2,Male,85.0,3,2,Sales Executive,3,Married,4717.0,18659.0,9,Y,No,11,3,3,80,0,15.0,2,3,11.0,,6,9.0
40.0,No,Travel Rarely,302.0,Research & Development,6.0,3,Life Sciences,1,601,2,FEMALE,75.0,3,4,Manufacturing Director,3,Single,13237.0,20364.0,7,Y,No,15,3,3,80,0,22.0,3,3,,6.0,5,13.0
39.0,No ,Travel_Frequently,443.0,Research & Development,8.0,1,,1,602,3,Female,48.0,3,1,Laboratory Technician,3,married,3755.0,17872.0,1,Y,No,11,3,1,80,1,8.0,3,3,8.0,3.0,0,7.0
31.0,No,Travel_Rarely,828.0,Sales,2.0,1,Life Sciences,1,604,2,male,77.0,3,2,Sales Executive,4,Single,6582.0,8346.0,4,Y,Yes,13,3,3,80,0,10.0,2,4,6.0,5.0,0,5.0
42.0,No,Travel_Rarely,319.0,Research and Development,24.0,3,Medical,1,605,4,Male,56.0,3,3,Manufacturing Director,1,married,7406.0,6950.0,1,Y,,21,4,4,80,1,10.0,5,2,10.0,9.0,5,8.0
45.0,No,Travel_Rarely,561.0,Sales,2.0,3,Other,1,606,4,Male,61.0,3,2,Sales Executive,2,Married,,16177.0,0,Y,No,19,3,2,80,1,9.0,3,4,8.0,7.0,3,7.0
26.0,Yes,,426.0,Human Resources,17.0,4,Life Sciences,1,608,2,Female,58.0,3,1,Human Resources,3,Divorced,2741.0,22808.0,0,Y,Yes,11,3,2,80,1,8.0,2,2,7.0,-1.0,1,0.0
29.0,no,Travel_Rarely,232.0,Research & development ,19.0,3,Technical Degree,1,611,4,Male,34.0,3,2,Manufacturing Director,4,,4262.0,22645.0,4,Y,,12,3,2,80,2,8.0,2,4,3.0,2.0,1,2.0
33.0,No,,,Research & Development,1.0,5,Medical,1,612,1,Female,95.0,4,4,Research Director,3,Divorced,16184.0,22578.0,4,Y,No,19,3,3,80,1,10.0,2,3,6.0,1.0,0,5.0
31.0,No,Travel_Rarely,688.0,Sales,7.0,3,Life Sciences,1,613,3,Male,44.0,2,3,Manager,4,Divorced,11557.0,25291.0,9,Y, No ,21,4,3,80,1,10.0,3,2,5.0,4.0,0,1.0
18.0,Yes,Travel_Frequently,1306.0,Sales,,3,MARKETING,1,614,2,Male,69.0,3,1,Sales Representative,2,Single,1878.0,8059.0,1,Y,,14,3,4,80,0,0.0,3,3,0.0,0.0,0,0.0
40.0,No,Non-Travel,1094.0,Sales,,3,Other,1,615,0,Male,58.0,1,3,Sales Executive,1,,10932.0,11373.0,3,Y,No,15,3,3,80,1,20.0,2,3,1.0,0.0,0,1.0
41.0,No,non-travel,509.0,Research & Development,2.0,4,Other,1,616,1,Female,62.0,2,2,Healthcare Representative,3,Single,6811.0,2112.0,2,Y,Yes,17,3,1,80,0,10.0,3,3,8.0,7.0,0,7.0
26.0,no,,775.0,Sales,29.0,2,Medical,1,618,1,Male,45.0,5,2,Sales Executive,3,DIVORCED,,4267.0,5,Y,No,12,3,1,80,2,8.0,5,3,0.0,0.0,0,0.0
35.0,no,Travel_Rarely,195.0,Sales,1.0,3,Medical,1,620,1,FEMALE,80.0,3,2,Sales Executive,0,Single,4859.0,6698.0,1,Y, No ,16,3,4,80,0,5.0,3,3,5.0,4.0,0,3.0
34.0,No,Travel_Rarely,258.0,Sales,21.0,4,Life Sciences,1,621,4,Male,74.0,4,2,Sales Executive,4,Single,5337.0,19921.0,1,Y,No,12,3,4,80,0,10.0,3,3,10.0,7.0,5,7.0
26.0,Yes,Travel_Rarely,471.0,Research & Development,24.0,3,Technical Degree,1,622,3,Male,66.0,1,1,Laboratory Technician,4,Single,2340.0,23213.0,1,Y,Yes,18,3,2,80,0,1.0,3,1,1.0,0.0,0,0.0
16.0, NO,Travel_Rarely,799.0,Research & Development,,3,Technical Degree,1,623,2,female,59.0,3,3,Manufacturing Director,4,Single,7491.0,23848.0,4,Y,No,17,3,4,80,0,12.0,3,4,6.0,5.0,1,2.0
46.0,No,Travel Frequently,1034.0,Research & Development,18.0,1,Medical,1,624,1,,86.0,3,0,Healthcare Representative,3,Married,10527.0,8984.0,5,Y,,11,3,4,80,0,28.0,3,2,2.0,2.0,1,2.0
41.0,No,Travel_Rarely,1276.0,sales,2.0,5,Life Sciences,1,625,2,,91.0,3,4,Manager,1,,16595.0,5626.0,7,Y,,16,3,2,80,1,22.0,2,3,18.0,16.0,11,8.0
37.0,No,Non-Travel,142.0,Sales,9.0,4,Medical,1,626,1,Male,69.0,3,3,Sales Executive,2,Divorced,8834.0,24666.0,1,Y,No,13,3,4,80,1,9.0,6,3,9.0,5.0,7,7.0
52.0,No,Travel_Rarely,956.0,Research & Development,6.0,2,Technical Degree,1,630,4,Male,78.0,3,2,Research Scientist,1,Divorced,5577.0,22087.0,3,Y,YES,12,3,2,80,2,18.0,3,3,10.0,9.0,6,9.0
32.0,Yes,Non-Travel,1474.0,Sales,11.0,4,Other,1,631,4,Male,60.0,4,2,Sales Executive,3,Married,4707.0,23914.0,8,Y,No,12,3,4,80,0,6.0,2,3,4.0,-1.0,1,2.0
24.0,No,Travel Frequently,535.0,Sales,24.0,3,Medical,1,632,4,Male,38.0,3,1,Sales Representative,4,Married,2400.0,,0,Y,No,13,3,3,80,2,3.0,3,3,2.0,2.0,2,1.0
38.0,No,Travel_Rarely,1495.0,Research & Development,10.0,3,Medical,1,634,3,Female,76.0,3,2,Healthcare Representative,3,Married,9824.0,22174.0,3,Y,no,19,3,3,80,1,18.0,4,3,,0.0,0,0.0
37.0,,Travel_Rarely,446.0,Research & Development,1.0,4,Life Sciences,1,635,2,Female,65.0,3,2,Manufacturing Director,2,Married,6447.0,15701.0,6,Y,no,12,3,2,80,1,8.0,2,2,6.0,5.0,4,3.0
49.0,No,Travel_Rarely,1245.0,Research & Development,18.0,4,Life Sciences,1,638,4,Male,58.0,2,5,Research Director,3,Divorced,19502.0,2125.0,1,Y,Yes,17,3,3,80,1,31.0,5,3,31.0,41.0,0,9.0
24.0,No ,travel_rarely,691.0,Research & Development,23.0,3,Medical,1,639,2,Male,89.0,4,1,Research Scientist,4,Married,,21630.0,1,Y,Yes,11,3,2,80,2,6.0,3,3,6.0,5.0,1,4.0
26.0,No,Travel_Rarely,,Sales,28.0,2,MARKETING,1,641,1,Male,66.0,3,2,Sales Executive,2,MARRIED,6272.0,7428.0,1,Y,No,20,4,4,80,2,6.0,5,4,5.0,3.0,1,4.0
,No,Travel Rarely,823.0,research & development,17.0,2,Other,1,643,4,Male,94.0,2,1,Laboratory Technician,2,Married,2127.0,9100.0,1,Y,No,21,4,4,80,1,1.0,2,3,1.0,0.0,0,0.0
50.0,No,Travel_Frequently,1246.0,Human Resources,3.0,3,Medical,1,644,1,Male,99.0,3,5,,2,Married,18200.0,7999.0,1,Y,,11,3,3,80,1,32.0,2,3,32.0,5.0,10,7.0
25.0,No,Travel_Rarely,622.0,Sales,13.0,1,Medical,1,645,2,Male,40.0,3,1,Sales Representative,3,,2096.0,26376.0,1,Y,No,11,3,3,80,0,7.0,1,3,7.0,,0,6.0
24.0,Yes,Travel_Frequently,1287.0,Research & Development,7.0,3,Life Sciences,1,647,1, Female ,55.0,3,1,Laboratory Technician,3,Married,2886.0,14168.0,1,Y, Yes ,16,3,4,80,1,6.0,4,3,6.0,3.0,1,2.0
30.0,Yes,Travel_Frequently,448.0,Sales,12.0,4,Life Sciences,1,648,2,Male,74.0,2,1,Sales Representative,1,married,,14470.0,1,Y,no,18,3,3,80,1,1.0,2,4,1.0,0.0,0,0.0
34.0,No,Travel_Rarely,254.0,Research & Development,1.0,2,Life Sciences,1,649,2,Male,83.0,2,1,,4,Married,3622.0,22794.0,1,Y,Yes,13,3,4,80,1,6.0,3,3,6.0,5.0,1,3.0
31.0,Yes,Travel_Rarely,0.0,Sales,13.0,4,Medical,1,650,2,Male,46.0,3,2,Sales Executive,1,Divorced,4233.0,11512.0,2,Y,NO,17,3,3,80,0,9.0,2,1,3.0,1.0,1,11.0
35.0, NO,Travel_Rarely,538.0,Research & Development,25.0,2,Other,1,652,1,Male,54.0,2,2,Laboratory Technician,4,Single,3681.0,14004.0,4,Y,No,14,3,4,80,0,9.0,3,3,3.0,2.0,0,2.0
31.0,,Travel_Rarely,525.0,Sales,6.0,4,Medical,1,653,1,Male,,4,2,Sales Executive,4,Divorced,5460.0,6219.0,4,Y,No,22,2,4,80,2,13.0,4,4,,7.0,5,7.0
27.0,No,Travel_Rarely,798.0,Research & Development,6.0,4,Medical,1,655,1,Female,66.0,2,1,,3,Divorced,2187.0,5013.0,0,Y,No,12,3,3,80,2,6.0,5,2,5.0,3.0,0,3.0
37.0,no,Travel_Rarely,558.0,Sales,2.0,3,Marketing,1,656,4,Male,75.0,3,2,Sales Executive,3,Married,9602.0,3010.0,4,Y, Yes ,11,3,3,80,1,17.0,3,2,3.0,0.0,1,
20.0,No,Travel_Rarely,959.0,Research & Development,1.0,0,Life Sciences,1,657,4,Female,83.0,2,1,Research Scientist,2,SINGLE,2836.0,11757.0,1,Y,No,13,3,4,80,0,1.0,0,4,1.0,0.0,0,0.0
42.0,No, Travel_Rarely ,622.0,Research & Development,2.0,4,Life Sciences,1,659,3,Female,81.0,3,2,Healthcare Representative,4,Married,,5718.0,1,Y,No,13,3,2,80,2,10.0,4,3,10.0,2.0,2,
65.0, NO,Travel_Rarely,782.0,Research & Development,6.0,4,Other,1,661,2,Male,50.0,2,4,Research Director,4,Divorced,16627.0,2671.0,4,Y,Yes,14,3,3,80,1,21.0,3,2,1.0,0.0,0,0.0
38.0,No,Travel_Rarely,362.0,Research & Development,1.0,1,Life Sciences,1,662,3,FEMALE,43.0,3,1,Research Scientist,1,Single,2619.0,14561.0,3,Y,No,17,3,4,80,0,8.0,3,2,0.0,0.0,0,0.0
43.0,No,Travel_Frequently,,Research & Development,9.0,5,Medical,1,663,4,Male,72.0,3,2,Laboratory technician ,3,Divorced,5679.0,19627.0,3,Y,Yes,13,3,2,80,1,60.0,3,3,8.0,7.0,4,7.0
48.0,No,Travel_Rarely,1236.0,Research & Development,1.0,4,Life Sciences,1,664,4,Female,40.0,2,4,Manager,1,Married,15402.0,17997.0,7,Y,No,11,3,1,80,1,21.0,3,1,3.0,2.0,0,2.0
44.0,No,Travel_Rarely,1112.0,Human Resources,1.0,4,Life Sciences,1,665,1,Female,50.0,2,2,Human Resources,3,Single,5985.0,26894.0,4,Y,No,11,3,2,80,-1,10.0,1,4,2.0,2.0,0,2.0
34.0,No,Travel_Rarely,204.0,,14.0,3,Technical Degree,1,666,3,FEMALE,31.0,3,1,Sales Representative,3,Divorced,2579.0,2912.0,1,Y,Yes,18,3,4,80,2,8.0,3,3,8.0,2.0,0,6.0
27.0,Yes,Travel_Rarely,1420.0,SALES,2.0,1,Marketing,1,667,3,Male,85.0,3,1,Sales Representative,1,Divorced,3041.0,16346.0,0,Y,No,11,3,2,80,1,5.0,3,3,4.0,3.0,0,2.0
21.0,No,Travel_Rarely,, Sales ,22.0,1,Technical Degree,1,669,3,Male,49.0,3,1,Sales Representative,3,Single,3447.0,24444.0,1,Y,No,11,3,3,80,0,3.0,2,3,3.0,2.0,1,2.0
44.0,No,Travel_Rarely,1315.0,Research & Development,3.0,4,Other,1,671,4,Male,35.0,3,5,Manager,4,Married,19513.0,9358.0,4,Y,Yes,12,3,1,80,1,26.0,2,4,2.0,2.0,0,1.0
22.0,No,,604.0,Research & Development,6.0,1,Medical,1,675,1,Male,69.0,3,1,Research Scientist,3,married,2773.0,12145.0,0,Y,No,20,4,4,80,0,3.0,3,3,2.0,2.0,2,
33.0,No,Travel_Rarely,1216.0,Sales,8.0,4,Marketing,1,677,3,Male,39.0,3,2,sales executive,3,Divorced,7104.0,20431.0,0,Y,NO,12,3,4,80,0,6.0,3,3,5.0,0.0,1,2.0
32.0,No, Travel_Rarely ,646.0,Research & Development,9.0,4,Life Sciences,1,679,1,Female,92.0,3,2,,4,Married,6322.0,18089.0,1,Y,Yes,12,3,4,80,1,6.0,2,2,6.0,4.0,0,5.0
30.0,No,Travel_Frequently,160.0,Research & Development,3.0,3,Medical,1,680,3,Female,71.0,3,1,Research Scientist,3,Divorced,2083.0,22653.0,1,Y,No,20,4,3,80,1,1.0,2,3,1.0,0.0,0,0.0
53.0,No,Travel_Rarely,238.0,Sales,1.0,1,Medical,1,682,4,Female,34.0,3,2,Sales Executive,1, Single ,8381.0,7507.0,7,Y,No,20,4,4,80,0,18.0,2,4,14.0,7.0,8,
34.0,No,Travel_Rarely,1397.0,Research & Development,1.0,5,life sciences,1,683,2,Male,42.0,3,1,Research Scientist,4,Married,2691.0,7660.0,1,Y,No,12,3,4,80,1,10.0,4,2,10.0,9.0,8,8.0
45.0,Yes,Travel_Frequently,306.0,Sales,26.0,4,Life Sciences,1,684,1,Female,100.0,3,2,Sales Executive,1,Married,4286.0,5630.0,2,Y,No,14,3,4,80,2,5.0,4,3,1.0,1.0,0,0.0
26.0,No,Travel_Rarely,991.0,Research & Development,6.0,3,Life Sciences,1,686,3,Female,71.0,3,1,Laboratory technician ,4,Married,2659.0,17759.0,12,Y,Yes,13,3,3,80,1,3.0,2,3,3.0,2.0,0,2.0
37.0,No,Travel_Rarely,482.0,Research & Development,3.0,3,Other,1,689,3,Male,36.0,3,3,MANUFACTURING DIRECTOR,3,Married,9434.0,9606.0,1,Y,No,15,3,3,80,1,10.0,2,3,10.0,7.0,7,8.0
29.0,No,Travel_Rarely,1176.0,,3.0,2,Medical,1,690,2,Female,62.0,3,2,Sales Executive,3,Married,5561.0,3487.0,1,Y,No,14,3,1,80,1,6.0,5,2,6.0,0.0,1,2.0
35.0,No,Travel_Rarely,1017.0,Research & Development,6.0,4,Life Sciences,1,691,2,Male,82.0,1,2,Research Scientist,4,Single,6646.0,19368.0,1,Y,,13,3,2,80,0,17.0,3,3,17.0,11.0,11,8.0
33.0,No,Travel_Frequently,1296.0,Research & Development,6.0,3,Life Sciences,1,692,3,Male,30.0,3,2,Healthcare Representative,4,Divorced,7725.0,5335.0,3,Y,No,23,4,3,80,1,15.0,2,1,13.0,11.0,4,7.0
, NO,Travel_Rarely,397.0,Human Resources,19.0,4,Medical,1,698,3,Male,88.0,3,3,Human Resources,2,Married,10725.0,6729.0,2,Y,No,15,3,3,80,1,16.0,1,4,9.0,7.0,7,
36.0,No,Travel_Rarely,913.0,Research & Development,9.0,2,Medical,1,699,2,Male,48.0,2,2,Manufacturing Director,2,divorced,8847.0,13934.0,2,Y,Yes,11,3,3,80,1,13.0,2,3,3.0,2.0,0,2.0
27.0,No,Travel_Rarely,1115.0,Research & Development,,4,Medical,1,700,1,Male,54.0,2,1,Research Scientist,4,Single,2045.0,15174.0,0,Y,No,13,3,4,80,0,5.0,0,3,4.0,2.0,1,1.0
20.0,Yes,,1362.0,Research & Development,10.0,1,,1,701,4,Male,32.0,3,1,Research Scientist,3,,1009.0,26999.0,1,Y,Yes,11,3,4,80,0,1.0,5,3,1.0,0.0,1,1.0
33.0,Yes,Travel Frequently,1076.0,,3.0,3,Life Sciences,1,702,1,,70.0,3,1,Research Scientist,1,Single,3348.0,3164.0,1,Y,Yes,11,3,1,80,0,10.0,-1,3,10.0,8.0,9,7.0
35.0,No,Non-Travel,727.0,Research & Development,3.0,3,life sciences,1,704,3,,41.0,2,1,Laboratory Technician,3,Married,1281.0,16900.0,1,Y,No,18,3,3,80,2,-2.0,3,3,1.0,0.0,-1,0.0
23.0,No ,Travel_Rarely,885.0,Research & Development,4.0,3,Medical,1,705,1,Male,58.0,4,1,Research Scientist,1,Married,2819.0,,2,Y,No,16,3,1,80,1,5.0,3,4,3.0,2.0,0,2.0
25.0,No,Travel_Rarely,810.0,Sales,8.0,3,Life Sciences,1,707,4,Male,57.0,4,2,Sales Executive,2,Married,4851.0,15678.0,0,Y,No,22,4,3,80,1,4.0,4,3,3.0,2.0,1,2.0
38.0,No , Travel_Rarely ,243.0,Sales,7.0,4,Marketing,1,709,4,Female,46.0,2,2,Sales Executive,4,Single,4028.0,,0,Y,No,20,4,1,80,0,8.0,2,3,7.0,7.0,0,5.0
29.0,No,Travel_Frequently,806.0,Research & Development,1.0,4,Life Sciences,1,710,2,Male,76.0,1,1,Research Scientist,4,Divorced,2720.0,18959.0,1,Y,No,18,3,4,80,1,10.0,5,3,10.0,7.0,2,8.0
48.0,No,Travel_Rarely,817.0, Sales ,2.0,1,Marketing,1,712,2,Male,56.0,4,2,,2,Married,8120.0,18597.0,3,Y,No,12,3,4,80,0,12.0,3,3,2.0,2.0,2,2.0
27.0,No,Travel_Frequently,1410.0,Sales,3.0,1,Medical,1,714,4,Female,71.0,4,2,Sales Executive,4,Divorced,4647.0,16673.0,1,Y,Yes,20,4,2,80,2,6.0,3,3,6.0,5.0,0,4.0
37.0,No,Travel_Rarely,1225.0,Research & Development,10.0,2,Life Sciences,1,715,4,Male,80.0,4,1,Research Scientist,4,Single,4680.0,15232.0,3,Y,No,17,3,1,80,0,4.0,2,3,1.0,0.0,0,0.0
50.0,No,Travel_Rarely,,Research & Development,28.0,1,Medical,1,716,4,Male,74.0,4,1,Laboratory Technician,3,Married,3221.0,3297.0,1,Y,Yes,11,3,3,80,3,20.0,3,3,,8.0,3,8.0
34.0,No,Travel_Rarely,-100.0,Research & Development,9.0,3,Medical,1,717,4,Female,46.0,2,3,Healthcare Representative,2,Single,8621.0,17654.0,1,Y,No,14,3,2,80,0,9.0,3,4,8.0,7.0,7,7.0
24.0,Yes,Travel_Rarely,693.0,Sales,3.0,2,Life Sciences,1,720,1,Female,65.0,3,2,Sales Executive,3,Single,4577.0,24785.0,9,Y,No,14,3,1,80,0,4.0,3,3,2.0,2.0,2,0.0
,No,Travel_Rarely,408.0,Research & Development,2.0,4,Technical Degree,1,721,4,Female,80.0,2,2,Healthcare Representative,3,Single,4553.0,20978.0,1,Y,No,11,3,1,80,0,20.0,4,3,20.0,7.0,11,10.0
,No,Travel_Rarely,929.0,Sales,10.0,3,Marketing,1,722,4,Male,150.0,3,2,Sales Executive,4,Single,5396.0,21703.0,1,Y,NO,12,3,4,80,0,10.0,2,2,10.0,7.0,0,8.0
50.0,Yes,Travel_Frequently,562.0,Sales,8.0,2,Technical Degree,1,723,2,MALE,50.0,3,2,,3,Married,6796.0,23452.0,3,Y,Yes,14,3,1,80,1,18.0,4,3,4.0,3.0,1,3.0
38.0,No,Travel_Rarely,827.0,Research and Development,1.0,4,Life Sciences,1,724,2,Female,33.0,4,2,Healthcare Representative,4,SINGLE,7625.0,19383.0,0,Y,,13,3,3,80,0,10.0,4,2,9.0,7.0,1,8.0
27.0,No,Travel_Rarely,608.0,Research & Development,1.0,2,Life Sciences,1,725,3,Female,68.0,3,3,Manufacturing Director,1,,,6009.0,1,Y,No,11,3,4,80,0,9.0,3,3,,7.0,0,
32.0,No,Travel_Rarely,1018.0,Research & Development,3.0,2,Life Sciences,1,727,3,Female,39.0,3,3,Research Director,4,Single,,19373.0,3,Y,No,15,3,4,80,0,10.0,6,3,7.0,7.0,7,7.0
47.0,No,Travel_Rarely,,Sales,14.0,4,Marketing,1,728,4,Male,42.0,3,2,sales executive,1,Single,4960.0,11825.0,2,Y,No,12,3,4,80,0,,2,3,7.0,7.0,1,7.0
40.0,No,Travel_Frequently,580.0,Sales,,4,Life Sciences,1,729,4,Male,48.0,2,3,Sales Executive,1,Married,10475.0,23772.0,5,Y,Yes,21,4,3,80,1,20.0,2,3,18.0,13.0,1,12.0
53.0,No,Travel_Rarely,970.0,Research & Development,7.0,3,Life Sciences,1,730,3,Male,59.0,4,4,Research Director,3,Married,14814.0,13514.0,3,Y,NO,19,3,3,80,0,32.0,3,3,5.0,1.0,1,3.0
,No,Travel_Rarely,427.0,Human Resources,10.0,4,Human Resources,1,731,2,Male,73.0,2,5,Manager,4,Divorced,19141.0,8861.0,3,Y,No,15,3,2,80,3,23.0,2,2,21.0,6.0,12,6.0
60.0,No,Travel_Rarely,1179.0,Sales,16.0,4,Marketing,1,732,1,,84.0,3,2,Sales Executive,1,Single,5405.0,11924.0,8,Y,No,14,3,4,80,0,-2.0,1,3,2.0,2.0,2,2.0
27.0,No,travel_frequently,294.0,Research & Development,10.0,2,Life Sciences,1,733,4,Male,32.0,3,3,Manufacturing Director,1,Divorced,8793.0,4809.0,-1,Y, No ,21,4,3,80,2,9.0,4,2,,7.0,1,7.0
41.0,No ,Travel_Rarely,314.0,Human Resources,1.0,3,Human Resources,1,734,4,Male,59.0,2,5,Manager,3,Married,19189.0,19562.0,1,Y,No,12,3,2,80,1,22.0,3,3,22.0,7.0,2,10.0
50.0,No,Travel_Rarely,316.0,Sales,8.0,4,Marketing,1,738,4,Male,54.0,3,1,Sales Representative,2,Married,3875.0,9983.0,7,Y,No,15,3,4,80,1,4.0,2,3,2.0,2.0,2,2.0
28.0,Yes,Travel_Rarely,654.0,Research & Development,1.0,2,Life Sciences,1,741,1,Female,67.0,1,1,Research Scientist,2,Single,2216.0,3872.0,7,Y,Yes,13,3,4,80,0,10.0,4,3,7.0,7.0,3,7.0
36.0,No,Non-Travel,427.0,Research & Development,8.0,3,Life Sciences,1,742,1,Female,63.0,4,3,Research Director,1,Married,11713.0,20335.0,9,Y,No,14,3,1,80,1,,2,3,8.0,7.0,0,5.0
,No,Travel_Rarely,168.0,Research & Development,1.0,3,Life Sciences,1,743,3,Female,81.0,3,3,MANUFACTURING DIRECTOR,3,Single,7861.0,,4,Y,yes,14,3,4,80,0,10.0,4,4,1.0,0.0,0,0.0
44.0,no,Non-Travel,381.0,Research & development ,24.0,3,Medical,1,744,1,male,49.0,1,1,Laboratory Technician,3,Single,3708.0,2104.0,2,Y,No,14,3,3,80,0,9.0,5,3,5.0,2.0,1,4.0
47.0,No,Travel_Frequently,217.0,sales,3.0,3,Medical,1,746,4,,49.0,3,4,Sales Executive,3,Divorced,13770.0,10225.0,9,Y,Yes,12,3,4,80,2,28.0,2,2,22.0,2.0,11,13.0
30.0,No,Travel_Rarely,501.0,Sales,27.0,5,Marketing,1,747,3,Male,99.0,3,0,sales executive,4,Divorced,5304.0,25275.0,7,Y,No,23,4,4,80,1,10.0,2,2,8.0,7.0,7,7.0
29.0,No,Travel_Rarely,1396.0,Sales,10.0,3,Life Sciences,1,749,3,Male,,3,1,Sales Representative,3,Single,2642.0,2755.0,1,Y,No,11,3,3,80,0,1.0,6,3,1.0,0.0,0,0.0
42.0,Yes,Travel_Frequently,933.0,Research & Development,19.0,3, Medical ,1,752,3,male,57.0,4,1,Research Scientist,3,Divorced,2759.0,20366.0,6,Y,Yes,12,3,4,80,0,7.0,2,3,2.0,2.0,2,2.0
43.0,no,Travel_Frequently,,SALES,15.0,3,life sciences,1,754,4,Male,47.0,2,2,Sales Executive,4,Married,6804.0,,3,Y,No,18,3,3,80,1,7.0,5,3,2.0,2.0,2,2.0
34.0,,Travel_Rarely,970.0,,8.0,2,Medical,1,757,2,Female,96.0,3,2,Healthcare Representative,3,Single,6142.0,7360.0,3,Y,No,11,3,4,80,0,10.0,2,3,5.0,1.0,4,3.0
23.0,no,Travel_Rarely,650.0,Research & Development,9.0,1,Medical,1,758,2,,37.0,3,1,Laboratory technician ,1,Married,,4344.0,1,Y,No,14,3,4,80,1,5.0,2,4,4.0,3.0,0,2.0
39.0,No,Travel_Rarely,141.0,Human Resources,3.0,3,Human Resources,1,760,3,Female,44.0,4,2,Human Resources,2,Married,,18767.0,9,Y,No,15,3,3,80,1,12.0,3,1,8.0,3.0,3,6.0
56.0,No,,832.0,Research & Development,9.0,3,Medical,1,762,3,Male,81.0,3,4,Healthcare Representative,4,Married,11103.0,20420.0,7,Y,NO,11,3,3,80,0,30.0,1,2,10.0,,1,1.0
40.0,No,Travel_Rarely,804.0,Research & Development,2.0,1,Medical,1,763,4,Female,86.0,2,1,Research scientist,4,Single,2342.0,22929.0,0,Y,Yes,20,4,4,80,0,5.0,2,2,4.0,2.0,2,3.0
27.0,No,Travel Rarely,975.0,Research & Development,7.0,3,Medical,1,764,4,Female,55.0,2,2,Healthcare Representative,1,Single,6811.0,23398.0,8,Y,No,19,3,1,80,0,9.0,2,1,7.0,6.0,0,7.0
29.0,No,Travel_Rarely,1090.0,Sales,10.0,3,Marketing,1,766,4,male,83.0,3,1,Sales Representative,2,Divorced,2297.0,17967.0,1,Y,No,14,3,4,80,2,2.0,2,3,2.0,2.0,2,2.0
53.0,No,Travel_Rarely,346.0,Research & Development,6.0,3,Life Sciences,1,769,4,Male,86.0,3,2,Laboratory Technician,4,Single,2450.0,10919.0,2,Y,No,17,3,4,80,0,19.0,4,3,2.0,2.0,2,2.0
35.0, NO,Non-Travel,1225.0,Research & Development,2.0,4,Life Sciences,1,771,4,Female,,3,2,Healthcare Representative,1,Divorced,5093.0,4761.0,2,Y,No,11,3,1,80,1,16.0,2,4,1.0,0.0,0,0.0
32.0,No,Travel_Frequently,430.0,Research and Development,24.0,4,Life Sciences,1,772,1,Male,80.0,3,2,Laboratory Technician,4,Married,5309.0,21146.0,1,Y,No,15,3,4,80,2,10.0,2,3,10.0,8.0,4,7.0
38.0, NO,Travel_Rarely,268.0,Research & Development,2.0,5,Medical,1,773,4,,92.0,3,1,Research Scientist,3,Married,3057.0,20471.0,6,Y,Yes,13,3,2,80,1,6.0,0,1,1.0,,0,1.0
34.0,no,Travel_Rarely,167.0,Research & Development,8.0,5,Life Sciences,1,775,2,Female,32.0,3,2,Manufacturing Director,1,Divorced,5121.0,4187.0,3,Y,NO,14,3,3,80,1,7.0,3,3,0.0,0.0,0,
52.0,No ,Travel_Rarely,621.0,Sales,3.0,4,Marketing,1,776,3,Male,31.0,2,4,Manager,1,Married,16856.0,10084.0,1,Y,No,11,3,1,80,0,34.0,3,4,,6.0,1,16.0
33.0,yes,Travel_Rarely,527.0,Research and Development,1.0,4,Other,1,780,4,Male,63.0,3,1,Research Scientist,4,Single,2686.0,5207.0,1,Y,Yes,13,3,3,80,0,10.0,2,2,10.0,9.0,7,8.0
25.0,No,Travel_Rarely,883.0,,26.0,1,Medical,1,781,3,Female,32.0,3,2,Sales Executive,4,Single,6180.0,22807.0,1,Y,No,23,4,2,80,0,6.0,5,2,6.0,5.0,1,4.0
45.0,No,Travel_Rarely,954.0,Sales,2.0,2,Technical Degree,1,783,2,Male,46.0,1,2,Sales representative,3,Single,6632.0,12388.0,0,Y,No,13,3,1,80,0,9.0,3,3,8.0,7.0,3,1.0
23.0,no,Travel_Rarely,310.0,Research & Development,10.0,1,Medical,1,784,1,Male,79.0,4,1,Research scientist,3,Single,3505.0,19630.0,1,Y,No,18,3,4,80,0,2.0,3,3,2.0,2.0,0,2.0
47.0,Yes,Travel_Frequently,719.0,Sales,27.0,2,Life Sciences,1,785,2,Female,77.0,4,2,Sales Executive,3,Single,,10339.0,4,Y,Yes,12,3,4,80,0,8.0,2,3,5.0,4.0,1,
34.0,,Travel_Rarely,304.0,Sales,2.0,3,Other,1,786,4,Male,60.0,0,2,Sales Executive,4,Single,6274.0,18686.0,1,Y,No,22,4,3,80,0,6.0,5,3,6.0,5.0,1,4.0
55.0,Yes,Travel_Rarely,725.0,Research & Development,2.0,3,Medical,1,787,4,Male,78.0,3,5,Manager,1,Married,19859.0,21199.0,5,Y,Yes,13,3,4,80,1,24.0,2,3,5.0,2.0,1,4.0
36.0, NO, Non-Travel ,1434.0,Sales,8.0,4,Life Sciences,1,789,1,Male,76.0,2,3,Sales Executive,1,Single,7587.0,14229.0,1,Y,No,15,3,2,80,0,10.0,1,3,10.0,7.0,0,9.0
52.0,No,Non-Travel,715.0,Research & Development,19.0,4,Medical,1,791,5,Male,41.0,3,1,,4,Married,4258.0,26589.0,0,Y,No,18,3,1,80,1,5.0,3,3,4.0,3.0,1,2.0
26.0,No,Travel_Frequently,575.0,Research & Development,1.0,2,Life Sciences,1,792,1,Female,71.0,1,1,Laboratory Technician,4,Divorced,4364.0,5288.0,3,Y,,14,3,1,80,1,5.0,2,3,2.0,2.0,2,0.0
29.0,No,Travel_Rarely,657.0,Research & Development,27.0,3,Medical,1,793,2,Female,66.0,3,2,Healthcare Representative,3,Married,4335.0,25549.0,4,Y,No,12,3,1,80,1,11.0,3,2,8.0,7.0,1,1.0
,Yes ,Travel_Rarely,1146.0,Sales,8.0,3,Technical Degree,1,796,4,Male,38.0,2,2,Sales Executive,5,Single,5326.0,3064.0,6,Y,No,17,3,3,80,0,6.0,2,2,4.0,3.0,1,2.0
34.0,No,Travel_Rarely,182.0,Research & Development,1.0,4,Life Sciences,1,797,2,Female,72.0,4,1,Research scientist,4,Single,3280.0,13551.0,2,Y,No,16,3,3,80,0,10.0,2,3,4.0,2.0,1,3.0
54.0,No,Travel_Rarely,,Research & Development,19.0,4,Medical,1,799,4,female,95.0,3,2,Manufacturing Director,1,Divorced,5485.0,22670.0,9,Y,Yes,11,3,2,80,2,9.0,4,3,5.0,3.0,1,4.0
27.0,No,Travel_Frequently,829.0,Sales,8.0,1,Marketing,1,800,3,Male,84.0,3,2,Sales Executive,4,Married,4342.0,24008.0,0,Y,No,19,3,2,80,1,5.0,3,3,4.0,2.0,1,1.0
37.0,No,Travel_Rarely,571.0,Research & development ,10.0,1,Life Sciences,1,802,4,Female,82.0,3,1,Research Scientist,1,Divorced,2782.0,19905.0,0,Y,Yes,13,3,2,80,2,6.0,3,2,5.0,3.0,4,3.0
38.0,No,travel_frequently,,Research & Development,2.0,4,Life Sciences,1,803,1,FEMALE,75.0,4,2,Manufacturing Director,1,,5980.0,26085.0,6,Y,YES,12,3,4,80,0,17.0,2,3,15.0,7.0,4,12.0
34.0,No,Travel_Rarely,121.0,,2.0,4,Medical,1,804,3,Female,86.0,2,1,Research Scientist,1,Single,4381.0,7530.0,1,Y,No,11,3,3,80,0,6.0,3,3,6.0,5.0,1,3.0
35.0,No,Travel_Rarely,384.0,Sales,8.0,0,Life Sciences,1,805,1,Female,72.0,3,1,Sales Representative,4,Married,2572.0,20317.0,1,Y,No,16,3,2,80,1,3.0,1,2,3.0,2.0,0,2.0
30.0,No,Travel Rarely,921.0,Research and Development,1.0,3,Life Sciences,1,806,4,Male,38.0,1,1,Laboratory technician ,3,Married,3833.0,24375.0,3,Y,No,21,4,3,80,2,7.0,2,3,2.0,2.0,0,
40.0,No,Travel_Frequently,791.0,Research & Development,2.0,2,Medical,1,807,3,Female,38.0,4,2,Healthcare Representative,2,Married,4244.0,9931.0,1,Y,No,24,4,4,80,1,8.0,2,3,8.0,7.0,3,7.0
34.0,No,Travel_Rarely,1111.0,sales,8.0,2,Life Sciences,1,808,3,,93.0,3,2,,1,Married,6500.0,13305.0,5,Y, No ,17,3,2,80,1,6.0,1,3,3.0,2.0,1,2.0
42.0,No,Travel_Frequently,570.0,Research & Development,8.0,3,Life Sciences,1,809,2,Male,66.0,3,5, manager ,4,Divorced,18430.0,16225.0,1,Y,No,13,3,2,80,1,24.0,4,2,24.0,7.0,14,
23.0,Yes,Travel_Rarely,1243.0,Research & Development,6.0,3,Life Sciences,1,811,3,MALE,63.0,4,1,Laboratory Technician,1,Married,1601.0,3445.0,1,Y,Yes,21,4,3,80,2,1.0,2,3,0.0,0.0,0,0.0
24.0,No,Non-Travel,1092.0,Research & Development,9.0,3,Life Sciences,1,812,3,Male,60.0,2,1,Laboratory Technician,2,Divorced,2694.0,26551.0,1,Y,No,11,3,3,80,3,1.0,4,3,1.0,0.0,0,0.0
52.0,No ,Travel_Rarely,1325.0,Research & Development,11.0,4,Life Sciences,1,813,4,Female,82.0,3,2,,3,Married,3149.0,,8,Y,NO,20,4,2,80,1,9.0,3,3,5.0,2.0,1,4.0
50.0,No,Travel_Rarely,691.0,Research & Development,2.0,3,Medical,1,815,3, Male ,64.0,3,4,Research Director,3,Married,17639.0,6881.0,5,Y,No,16,3,4,80,0,30.0,3,3,4.0,3.0,0,3.0
29.0,Yes,Travel_Rarely,805.0,Research and Development,1.0,2,,1,816,2,Female,36.0,2,1,Laboratory Technician,1,Married,2319.0,6689.0,1,Y,Yes,11,3,4,80,1,1.0,1,3,1.0,0.0,0,0.0
33.0,No,Travel_Rarely,213.0,Research & Development,7.0,3,Medical,1,817,3,Male,49.0,3,3,Research Director,3,Married,11691.0,25995.0,0,Y,No,11,3,4,80,0,,3,4,13.0,9.0,3,7.0
33.0,Yes,Travel_Rarely,118.0,Sales,16.0,3,Marketing,1,819,1,Female,69.0,3,2,Sales Executive,1,Single,5324.0,26507.0,5,Y,No,15,3,3,80,0,6.0,3,3,,2.0,0,2.0
47.0,No,,,Research & Development,2.0,2,Other,1,820,3,Female,33.0,3,4,Manager,4,Married,16752.0,12982.0,1,Y,Yes,11,3,3,80,1,26.0,3,2,26.0,14.0,3,0.0
36.0,No,Travel_Rarely,676.0,Research & Development,1.0,3,Other,1,823,3,female,35.0,3,2,Manufacturing Director,2,MARRIED,5228.0,23361.0,0,Y,No,15,3,1,80,1,,2,3,9.0,,0,5.0
29.0,No,Travel_Rarely,1252.0,Research & Development,23.0,2,Life Sciences,1,824,3,Male,81.0,4,1,Research Scientist,3,Married,2700.0,23779.0,1,Y,No,24,4,3,80,1,10.0,3,3,10.0,7.0,0,7.0
58.0,Yes,Travel Rarely,286.0,Research & Development,2.0,4,,1,825,4,Male,31.0,3,5,Research Director,2,Single,19246.0,25761.0,7,Y,Yes,12,3,4,80,0,40.0,2,3,31.0,15.0,13,8.0
35.0,No,Travel_Rarely,1258.0,Research & Development,1.0,4,Life Sciences,1,826,4,Female,40.0,4,1,Research Scientist,3,single,2506.0,13301.0,3,Y,No,13,3,3,80,0,7.0,0,3,2.0,2.0,2,2.0
42.0,,Travel_Rarely,932.0,Research & Development,1.0,2,Life Sciences,1,827,4,Female,,2,2,,4,Married,6062.0,4051.0,9,Y,Yes,13,3,4,80,1,8.0,4,3,4.0,,0,2.0
28.0,Yes,Travel_Rarely,890.0,Research & Development,2.0,4, Medical ,1,828,3,Male,46.0,3,1,Research Scientist,3,Single,4382.0,16374.0,6,Y,No,17,3,4,80,0,5.0,3,2,2.0,2.0,2,1.0
36.0,No, Travel_Rarely ,1041.0,,13.0,3,Human Resources,1,829,3,Male,36.0,3,0,human resources,2,Married,2143.0,25527.0,4,Y,No,13,3,2,80,1,8.0,2,3,5.0,2.0,0,4.0
,, Travel_Rarely ,859.0,Research & Development,4.0,3,Life Sciences,1,830,3,Female,98.0,2,2,Manufacturing Director,3,,,19124.0,1,Y,No,12,3,3,80,1,14.0,3,3,14.0,13.0,6,8.0
40.0,No,Travel_Frequently,720.0,Research & Development,16.0,4,Medical,1,832,1,Male,,2,2,Laboratory Technician,3,Single,5094.0,11983.0,6,Y,No,14,3,4,80,0,10.0,6,3,1.0,0.0,0,0.0
30.0,No,Travel_Rarely,946.0,Research & Development,2.0,3,Medical,1,833,3, Female ,52.0,2,2,Manufacturing Director,4,Single,6877.0,20234.0,5,Y,,24,4,2,80,0,12.0,4,2,0.0,0.0,0,0.0
45.0,No,Travel_Rarely,252.0,Research & Development,2.0,3,life sciences,1,834,2,Female,95.0,2,1,Research scientist,3,Single,2274.0,6153.0,1,Y,No,14,3,4,80,0,1.0,3,3,-2.0,0.0,0,0.0
42.0,No,Travel_Rarely,933.0,Research & Development,29.0,3,Life Sciences,1,836,2,Male,98.0,3,2,Manufacturing Director,2,Married,4434.0,11806.0,1,Y,No,13,3,4,80,1,10.0,3,2,9.0,8.0,7,8.0
38.0,No,Travel_Frequently,471.0,Research & Development,12.0,3,Life Sciences,1,837,1,Male,45.0,2,2,Healthcare Representative,1,Divorced,6288.0,4284.0,2,Y,No,15,3,3,80,1,13.0,3,2,4.0,3.0,1,
34.0,No,Travel_Frequently,702.0,Research & Development,16.0,4,Life Sciences,1,838,5,Female,100.0,2,1,Research Scientist,4,Single,2553.0,8306.0,1,Y,No,16,3,3,80,0,6.0,3,3,5.0,2.0,1,3.0
,Yes,Travel_Rarely,1184.0,,11.0,3,Marketing,1,840,3,Female,43.0,3,3,Sales Executive,4,Married,7654.0,5860.0,1,Y,No,18,3,1,80,2,9.0,3,4,9.0,8.0,7,7.0
55.0,Yes,Travel_Rarely,436.0,Sales,2.0,1,Medical,1,842,3,Male,37.0,3,2,Sales Executive,4,Single,5160.0,21519.0,4,Y,,16,3,3,80,0,12.0,3,2,9.0,7.0,7,3.0
43.0,No,Travel_Rarely,589.0,Research & Development,14.0,2,Life Sciences,1,843,2,MALE,94.0,3,4,research director,1,Married,17159.0,5200.0,6,Y,No,24,4,3,80,1,,3,3,4.0,,1,0.0
27.0,No,Travel_Rarely,269.0,Research & development ,5.0,1,Technical Degree,1,844,3,Male,42.0,2,3,,4,Divorced,12808.0,8842.0,1,Y,Yes,16,3,2,80,1,9.0,3,3,,8.0,0,8.0
35.0,No,Travel_Rarely,,Research and Development,7.0,3,Other,1,845,3,Male,59.0,3,3,Manufacturing Director,3,Single,10221.0,18869.0,3,Y,NO,21,4,2,80,0,17.0,3,4,,5.0,1,6.0
28.0,No,Travel_Rarely,760.0,Sales,2.0,4,Marketing,1,846,2,Female,81.0,3,2,Sales Executive,2,Married,4779.0,3698.0,1,Y,Yes,20,4,1,80,0,8.0,2,3,8.0,7.0,7,5.0
34.0, NO, Travel_Rarely ,829.0,HUMAN RESOURCES,3.0,2,Human Resources,1,847,3,Male,88.0,3,1,Human Resources,4, Married ,3737.0,2243.0,0,Y,No,19,3,3,80,1,4.0,1,1,3.0,2.0,0,2.0
,Yes,Travel_Frequently,887.0,research & development,5.0,2,Medical,1,848,3,Female,88.0,2,1,Research Scientist,3,Married,2366.0,,1,Y,Yes,14,3,1,80,1,8.0,2,3,8.0,7.0,1,7.0
27.0, NO,Non-Travel,443.0,Research & Development,3.0,3,Medical,1,850,4,Male,50.0,3,1,Research Scientist,4,Married,1706.0,16571.0,1,Y,No,11,3,3,80,3,0.0,6,2,0.0,0.0,0,0.0
51.0,No ,Travel_Rarely,1318.0,Sales,,4,Marketing,1,851,1,Female,66.0,3,4,Manager,3,Married,16307.0,5594.0,2,Y,No,14,3,3,80,1,29.0,2,2,20.0,6.0,4,
44.0,No,Travel_Rarely,625.0,Research & Development,4.0,3,Medical,1,852,4,Male,-10.0,3,2,Healthcare representative,2,Single,5933.0,5197.0,9,Y,No,12,3,4,80,0,10.0,2,2,5.0,2.0,2,3.0
25.0,No,Travel_Rarely,180.0,Research & Development,2.0,1,Medical,1,854,1,Male,65.0,4,1,Research Scientist,1, Single ,3424.0,21632.0,7,Y,No,13,3,3,80,0,6.0,3,2,4.0,3.0,0,1.0
33.0,No,Travel_Rarely,586.0,Sales,1.0,3,,1,855,1,,48.0,4,2,Sales Executive,1,Divorced,4037.0,21816.0,1,Y,No,22,4,1,80,1,9.0,5,3,9.0,8.0,0,8.0
35.0,No,Travel_Rarely,1343.0,Research & Development,27.0,1,Medical,1,856,3,Female,,2,1,Research Scientist,1,Single,2559.0,17852.0,1,Y,No,11,3,4,80,0,6.0,3,2,,5.0,1,1.0
36.0,No,Travel_Rarely,928.0,Sales,1.0,2,Life Sciences,1,857,2,Male,56.0,3,2,Sales Executive,4,Married,6201.0,2823.0,1,Y,Yes,14,3,4,80,1,18.0,1,2,18.0,14.0,4,11.0
32.0,No ,Travel_Rarely,117.0,Sales,13.0,4,Life Sciences,1,859,2,Male,,3,2,sales executive,4,Divorced,4403.0,9250.0,2,Y,No,11,3,3,80,1,8.0,3,2,5.0,2.0,0,3.0
30.0,No ,travel_frequently,1012.0,Research and Development,5.0,4,Life Sciences,1,861,2,Male,75.0,2,1,Research Scientist,4,Divorced,,2373.0,9,Y,No,12,3,2,80,1,10.0,3,2,5.0,4.0,0,3.0
53.0,no, Travel_Rarely ,661.0, Sales ,7.0,2,Marketing,1,862,1,Female,78.0,2,3,Sales Executive,4,Married,10934.0,20715.0,7,Y,Yes,18,3,4,80,1,35.0,3,3,5.0,2.0,0,4.0
45.0,No,Travel_Rarely,930.0,Sales,9.0,3,Marketing,1,864,4,Male,74.0,3,3,Sales Executive,1,Divorced,10761.0,,4,Y,Yes,12,3,3,80,1,18.0,2,3,5.0,4.0,0,2.0
32.0,No,Travel_Rarely,638.0,Research & Development,8.0,2, Medical ,1,865,3,Female,91.0,4,2,Research Scientist,3,Married,5175.0,22162.0,5,Y,No,12,3,0,80,1,9.0,3,2,5.0,3.0,1,3.0
52.0,No,Travel_Frequently,890.0,research & development,25.0,4,Medical,1,867,3,Female,81.0,2,4,Manufacturing Director,4,Married,13826.0,19028.0,3,Y,NO,22,4,3,80,0,31.0,3,3,9.0,8.0,0,0.0
37.0,,Travel_Rarely,342.0,Sales,16.0,4,Marketing,1,868,4,Male,66.0,2,2,sales executive,3,Divorced,6334.0,24558.0,4,Y,No,19,3,4,80,2,9.0,2,3,1.0,0.0,0,0.0
28.0,No,Travel_Rarely,1169.0,Human Resources,8.0,2,Medical,1,869,2,Male,63.0,2,1,Human Resources,4,,,23965.0,1,Y,No,13,3,4,80,1,6.0,6,3,5.0,1.0,0,4.0
22.0,no,Travel_Rarely,1230.0,Research & Development,1.0,2,Life Sciences,1,872,4,Male,33.0,2,2,Manufacturing Director,4,Married,4775.0,19146.0,6,Y,No,22,4,1,80,2,4.0,2,1,2.0,2.0,2,2.0
44.0,No,Travel_Rarely,986.0,Research & Development,8.0,4,Life Sciences,1,874,1,Male,62.0,4,1,Laboratory Technician,4,Married,2818.0,5044.0,2,Y,Yes,24,4,3,80,1,10.0,2,2,3.0,2.0,25,2.0
,No,Travel_Frequently,1271.0,Research & Development,2.0,1,Medical,1,875,2,Male,35.0,3,1,Research Scientist,4,,2515.0,,5,Y,Yes,14,3,4,80,0,,2,3,2.0,1.0,2,2.0
36.0,No ,Travel Rarely,1278.0,human resources,8.0,3,Life Sciences,1,878,1,Male,77.0,2,1,Human Resources,1,Married,2342.0,8635.0,0,Y,No,21,4,3,80,0,6.0,3,3,5.0,4.0,0,
25.0,No,Travel_Rarely,141.0,Sales,3.0,1,Other,1,879,3,Male,98.0,3,2,sales executive,1,Married,4194.0,35000.0,1,Y,Yes,18,3,4,80,0,5.0,3,3,5.0,3.0,0,3.0
35.0,No,Travel_Rarely,607.0,Research & Development,,3,life sciences,1,880,4,Female,66.0,2,3,Manufacturing Director,3,Married,10685.0,23457.0,1,Y,Yes,20,4,2,80,1,17.0,2,3,17.0,14.0,5,15.0
35.0,Yes,Travel_Frequently,130.0,Research & Development,25.0,4,Life Sciences,1,881,4,FEMALE,96.0,3,1,Research Scientist,2,Divorced,2022.0,16612.0,1,Y,yes,19,3,1,80,1,10.0,3,2,10.0,,7,8.0
32.0,No,Non-Travel,300.0,Research & Development,1.0,3,Life Sciences,1,882,4,Male,61.0,3,1,Laboratory Technician,4,Divorced,2314.0,9148.0,0,Y,No,12,3,2,80,1,,2,3,3.0,0.0,0,2.0
,No,Travel_Rarely,583.0,Sales,4.0,1,Marketing,1,885,3,Male,87.0,2,2,Sales Executive,1,Married,4256.0,18154.0,1,Y,No,12,3,1,80,0,5.0,1,4,5.0,2.0,0,3.0
49.0,No,Travel_Rarely,1418.0,Research & Development,1.0,3,Technical Degree,1,887,3,Female,36.0,3,1,Research Scientist,1,Married,3580.0,10554.0,2,Y,No,16,3,2,80,1,7.0,2,3,4.0,2.0,0,2.0
24.0,No,Non-Travel,1269.0,Research & Development,4.0,1,Life Sciences,1,888,1,Male,46.0,2,1,Laboratory Technician,4,Married,3162.0,10778.0,0,Y,No,17,3,4,80,0,6.0,2,2,5.0,2.0,3,
32.0,No,Travel_Frequently,,Sales,5.0,2,Life Sciences,1,889,2,,48.0,3,2,,2,Married,6524.0,8891.0,1,Y,No,14,3,4,80,1,10.0,3,3,10.0,,5,25.0
38.0,No,,395.0,Sales,9.0,3,Marketing,1,893,2,Male,98.0,2,1,Sales Representative,2,Married,2899.0,12102.0,12,Y,No,19,5,4,80,1,3.0,3,3,2.0,2.0,1,2.0
,No,Travel_Rarely,1265.0,Research & Development,3.0,3,Life Sciences,1,894,3,Female,95.0,4,2,Laboratory Technician,4,Married,5231.0,23726.0,2,Y,Yes,13,3,2,80,1,17.0,1,2,5.0,3.0,1,3.0
31.0,,Travel_Rarely,1222.0,Research & Development,11.0,4,Life Sciences,1,895,4,Male,48.0,3,1,,4,Married,2356.0,14871.0,3,Y,yes,19,3,2,80,1,8.0,2,3,6.0,4.0,0,2.0
29.0,Yes,Travel_Rarely,341.0,Sales,1.0,3,,1,896,2,Female,48.0,2,1,Sales Representative,3,Divorced,2800.0,23522.0,6,Y,Yes,19,3,3,80,3,5.0,3,3,3.0,2.0,0,2.0
53.0,,Travel_Rarely,868.0,Sales,8.0,3,Marketing,1,897,1,Male,73.0,3,4,sales executive,4,Married,11836.0,22789.0,5,Y,No,14,3,3,80,1,28.0,3,3,,0.0,2,2.0
35.0,No,Travel_Rarely,672.0,Research & Development,25.0,3,Technical Degree,1,899,4,Male,78.0,2,3,Manufacturing Director,2,Married,10903.0,9129.0,3,Y,No,16,3,1,80,0,,2,3,13.0,10.0,4,21.0
37.0,No,Travel_Frequently,1231.0, Sales ,21.0,2,Medical,1,900,3,Female,54.0,0,1,Sales Representative,4,MARRIED,2973.0,21222.0,5,Y,No,15,3,2,80,1,10.0,3,3,5.0,4.0,0,0.0
53.0,No,Travel_Rarely,102.0,,23.0,4,Life Sciences,1,901,4,Female,72.0,3,4,,4,Single,14275.0,20206.0,6,Y,No,18,3,3,80,0,33.0,0,3,12.0,9.0,3,8.0
43.0,No,Travel_Frequently,422.0,Research & Development,1.0,3,Life Sciences,1,902,4,Female,33.0,3,2,Healthcare Representative,4, Married ,5562.0,21782.0,4,Y,No,13,3,2,80,1,12.0,2,2,5.0,2.0,2,13.0
47.0,No,Travel_Rarely,249.0,Sales,2.0,2,Marketing,1,903,3,Female,35.0,3,0,Sales Executive,4,Married,4537.0,17783.0,0,Y,Yes,22,4,1,80,1,8.0,2,3,7.0,6.0,7,7.0
37.0,No,Non-Travel,1252.0,sales,19.0,2,Medical,1,904,1,Male,32.0,0,3,Sales Executive,2,single,7642.0,4814.0,1,Y,Yes,13,3,4,80,0,10.0,2,3,10.0,0.0,0,9.0
50.0, NO,Non-Travel,881.0,Research & Development,2.0,4,Life Sciences,1,905,1,Male,98.0,3,4,Manager,1,Divorced,17924.0,4544.0,1,Y,No,11,3,4,80,1,31.0,3,3,31.0,6.0,14,7.0
39.0,No,Travel_Rarely,1383.0,Human Resources,2.0,3,Life Sciences,1,909,4,Female,42.0,2,2,human resources,4,Married,5204.0,7790.0,8,Y,No,11,3,3,80,2,13.0,2,3,5.0,4.0,0,13.0
33.0,No,Travel_Rarely,1075.0,Human Resources,3.0,2,Human Resources,1,910,4,Male,57.0,3,1,Human Resources,2, Divorced ,2277.0,22650.0,3,Y,Yes,11,3,3,80,1,7.0,4,4,4.0,3.0,0,3.0
32.0,yes,Travel_Rarely,374.0,Research & Development,25.0,4,Life Sciences,1,911,1,Male,87.0,3,1,Laboratory Technician,4,Single,2795.0,18016.0,1,Y,Yes,24,4,3,80,0,1.0,2,1,1.0,0.0,0,1.0
29.0,no,Travel_Rarely,1086.0,Research & Development,7.0,1,Medical,1,912,1,Female,62.0,2,1,Laboratory Technician,4,Divorced,2532.0,6054.0,6,Y,No,14,3,3,80,3,,5,3,4.0,3.0,0,3.0
44.0,No,Travel_Rarely,,Research & Development,9.0,2,Life Sciences,1,913,2,Male,61.0,3,6,Research scientist,1,Married,2559.0,7508.0,1,Y,Yes,13,3,4,80,0,8.0,0,3,8.0,7.0,7,
28.0,No,Travel_Rarely,,Sales,5.0,4,Medical,1,916,1,Male,98.0,3,2,Sales Executive,4,Single,4908.0,24252.0,1,Y,,14,3,2,80,0,4.0,3,3,4.0,2.0,0,2.0
58.0,Yes,Travel_Frequently,781.0,Research & Development,2.0,1,Life Sciences,1,918,4,Male,57.0,2,1,Laboratory Technician,4,Divorced,2380.0,13384.0,9,Y,Yes,14,3,4,80,1,3.0,3,2,1.0,0.0,0,0.0
43.0,No,Travel_Rarely,177.0,Research & Development,8.0,3,life sciences,1,920,1, Female ,55.0,3,2,MANUFACTURING DIRECTOR,2,Divorced,,23814.0,4,Y,No,21,4,3,80,1,,2,4,1.0,0.0,0,
20.0,Yes,Travel_Rarely,500.0,Sales,2.0,3,Medical,1,922,3,Female,49.0,2,1,Sales Representative,3,,2044.0,22052.0,1,Y,No,13,3,4,80,0,60.0,3,2,2.0,2.0,0,2.0
21.0,Yes,Travel_Rarely,1427.0,Research & Development,,1,Other,1,923,4,Female,65.0,3,1,Research Scientist,4,Single,2693.0,8870.0,1,Y,No,19,3,1,80,0,1.0,3,2,1.0,0.0,0,0.0
36.0,No, Travel_Rarely ,1425.0,Research & Development,14.0,1,,1,924,3,Male,68.0,3,2,Healthcare Representative,0,Married,6586.0,4821.0,0,Y,Yes,17,3,1,80,1,17.0,2,2,16.0,8.0,4,11.0
47.0,No,Travel_Rarely,1454.0,Sales,2.0,4,Life Sciences,1,925,4,Female,65.0,2,1,Sales Representative,4,Single,3294.0,,1,Y,Yes,18,3,1,80,0,3.0,3,2,3.0,2.0,1,2.0
22.0,Yes,Travel_Rarely,,Research & Development,3.0,1,Life Sciences,1,926,2,Female,,3,2,Manufacturing Director,3,Married,4171.0,10022.0,0,Y,Yes,19,3,1,80,1,4.0,3,4,3.0,2.0,0,2.0
41.0,Yes,Travel_Rarely,1085.0,Research & development ,2.0,4,,1,927,2,Female,57.0,1,1,Laboratory technician ,4,Divorced,2778.0,17725.0,4,Y,Yes,13,3,3,80,1,10.0,1,2,7.0,7.0,1,0.0
28.0,No,Travel_Rarely,995.0,Research & Development,9.0,3,Medical,1,930,3,Female,77.0,3,1,,3,Divorced,2377.0,9834.0,5,Y,No,18,3,2,80,1,6.0,2,3,2.0,,2,2.0
39.0, YES,Travel_Rarely,1122.0,,6.0,3,Medical,1,932,4,Male,,3,1,Laboratory Technician,1,Married,2404.0,4303.0,7,Y,Yes,21,4,4,80,0,8.0,2,1,2.0,2.0,2,2.0
27.0,No, Travel_Rarely ,618.0,Research & Development,4.0,3,Life Sciences,1,933,2, Female ,76.0,3,1,Research Scientist,3,Single,2318.0,17808.0,1,Y,No,19,3,3,80,0,1.0,2,3,1.0,1.0,0,0.0
34.0,No, Travel_Rarely ,546.0,Research & Development,10.0,3,life sciences,1,934,2,Male,,3,1,Laboratory Technician,2,Divorced,2008.0,6896.0,1,Y,No,14,3,2,80,2,1.0,3,3,1.0,0.0,1,0.0
42.0, NO,Travel_Rarely,462.0, Sales ,14.0,2,Medical,1,936,3,Female,68.0,2,2,Sales Executive,3, Single ,6244.0,7824.0,7,Y,No,17,3,1,80,0,10.0,6,3,5.0,4.0,0,3.0
33.0,No,Travel_Rarely,1198.0,Research & Development,1.0,4,Other,1,939,3,Male,100.0,2,1,Research Scientist,1,Single,2799.0,3339.0,3,Y,Yes,11,3,2,80,0,6.0,1,3,3.0,2.0,0,2.0
58.0,No,Travel_Rarely,1272.0,Research & Development,5.0,3,Technical Degree,1,940,3,Female,37.0,0,3,Healthcare Representative,2,,,,2,Y,Yes,13,3,4,80,1,24.0,3,3,6.0,0.0,0,4.0
31.0,No,Travel_Rarely,154.0,Sales,7.0,4,Life Sciences,1,941,2,Male,41.0,2,1,Sales Representative,3,Married,2329.0,11737.0,3,Y,No,15,3,2,80,0,13.0,2,4,7.0,7.0,25,2.0
35.0,No,Travel_Rarely,1137.0,Research & Development,21.0,1,Life Sciences,1,942,4,Female,51.0,3,2,Healthcare Representative,4,Married,4014.0,19170.0,1,Y,Yes,25,4,4,80,1,,2,1,10.0,6.0,0,7.0
,No,Travel_Rarely,527.0,Research & Development,8.0,2,Other,1,944,1,,51.0,3,3,Laboratory Technician,2, Married ,7403.0,22477.0,4,Y,No,11,3,3,80,1,29.0,3,2,26.0,9.0,1,7.0
48.0, NO, Travel_Rarely ,1469.0,,20.0,4,,1,945,4,Male,51.0,3,1,Research Scientist,3,Married,2259.0,5543.0,4,Y,No,17,3,1,80,2,13.0,2,2,0.0,0.0,0,0.0
31.0,No,Non-Travel,1188.0,Sales,20.0,2,MARKETING,1,947,4,Female,45.0,3,2,,0,Married,6932.0,24406.0,1,Y,No,13,3,4,80,1,9.0,2,2,9.0,8.0,0,0.0
,No,Travel_Rarely,188.0,Research & Development,7.0,6,Other,1,949,2, Male ,65.0,3,1,Research Scientist,4,single,4678.0,23293.0,2,Y,no,18,3,3,80,0,8.0,6,3,,2.0,0,1.0
38.0,No,Travel_Rarely,1333.0,Research & Development,1.0,3,Technical degree,1,950,4,Female,80.0,3,3,Research Director,1,Married,13582.0,16292.0,1,Y,No,13,3,2,80,1,15.0,3,3,15.0,12.0,5,11.0
32.0,,Non-Travel,1184.0,Research & Development,1.0,3,Life Sciences,1,951,3,Female,70.0,2,1,Laboratory Technician,2,Married,2332.0,3974.0,6,Y,No,20,4,3,80,0,5.0,3,3,3.0,0.0,0,2.0
25.0,Yes,Travel_Rarely,867.0,Sales,19.0,2,Marketing,1,952,3,MALE,36.0,2,1,Sales Representative,2,Married,2413.0,,1,Y,Yes,18,3,3,80,3,1.0,2,3,1.0,0.0,0,0.0
40.0,No,Travel_Rarely,658.0,Sales,10.0,4,Marketing,1,954,1,Male,67.0,2,3,Sales Executive,2,divorced,9705.0,20652.0,2,Y,no,12,3,2,80,1,11.0,2,2,1.0,0.0,0,0.0
26.0,No,Travel_Frequently,1283.0,Sales,1.0,3,Medical,1,956,3,Male,52.0,2,2,Sales Executive,1,Single,4294.0,11148.0,1,Y,No,12,3,2,80,0,7.0,2,3,7.0,7.0,0,7.0
41.0,No,Travel_Rarely,263.0,research & development,6.0,3,,1,957,4,Male,,3,1,Laboratory Technician,1,Single,4721.0,3119.0,2,Y,Yes,13,3,3,80,0,20.0,3,3,18.0,13.0,2,17.0
36.0,No,travel_rarely,938.0,Research & Development,2.0,4,Medical,1,958,3,Male,79.0,3,1,Laboratory Technician,3, Single ,,12287.0,4,Y,No,21,4,3,80,0,16.0,6,3,11.0,,3,9.0
,Yes,Travel_Rarely,419.0,Sales,21.0,3,Other,1,959,4,Male,37.0,2,1,Sales Representative,2,Single,2121.0,35000.0,1,Y,YES,13,3,2,80,0,1.0,3,4,,0.0,0,0.0
20.0,Yes,Travel_Rarely,129.0,Research and Development,4.0,3,Technical Degree,1,960,1,,84.0,3,1,Laboratory Technician,1,Single,2973.0,13008.0,1,Y,No,19,3,2,80,0,1.0,2,3,-2.0,0.0,0,0.0
31.0,No,Travel_Rarely,616.0,Research & Development,12.0,3,Medical,1,961,0,Female,41.0,3,2,Healthcare Representative,4,Married,5855.0,,0,Y,Yes,11,3,3,80,2,10.0,2,1,9.0,7.0,8,5.0
40.0,No,Travel_Frequently,1469.0,Research & Development,9.0,4,Medical,1,964,4,,35.0,3,1,Research Scientist,2,Divorced,3617.0,25063.0,8,Y,Yes,14,3,4,80,1,3.0,2,3,,1.0,0,0.0
32.0,No,Travel_Rarely,498.0,Research & Development,3.0,4,Medical,1,966,3,Female,93.0,3,2,Manufacturing Director,1,Married,6725.0,13554.0,1,Y,No,12,3,3,80,1,8.0,2,4,8.0,7.0,6,3.0
36.0,Yes,Travel_Rarely,530.0,Sales,3.0,1,Life Sciences,1,967,3,Male,51.0,2,3,Sales Executive,4,Married,10325.0,5518.0,1,Y,Yes,11,3,1,80,1,16.0,6,3,16.0,7.0,3,7.0
33.0,No,Travel_Rarely,1069.0,Research & Development,1.0,3,Life Sciences,1,969,2,Female,42.0,2,2,Healthcare Representative,4,Single,6949.0,12291.0,0,Y,No,14,3,1,80,0,6.0,3,3,5.0,0.0,1,4.0
37.0,Yes,Travel_Rarely,625.0,Sales,1.0,4,Life Sciences,1,970,1,Male,46.0,2,3,Sales Executive,3,Married,10609.0,14922.0,5,Y,No,11,3,3,80,0,17.0,2,1,14.0,1.0,11,7.0
45.0,No,Non-Travel,805.0,Research & Development,4.0,2,Life Sciences,1,972,3,,57.0,3,2,Laboratory Technician,2,,4447.0,,1,Y,No,12,3,2,80,0,9.0,5,2,9.0,7.0,0,8.0
29.0,No,Travel_Frequently,1404.0,Sales,20.0,3,Technical Degree,1,974,3,Female,84.0,3,1,Sales Representative,4,MARRIED,2157.0,18203.0,1,Y,No,15,3,2,80,1,3.0,5,3,3.0,,0,2.0
35.0,No,Travel_Rarely,1219.0,Sales,18.0,3,Medical,1,975,3,Female,86.0,3,2,Sales Executive,3,married,4601.0,6179.0,1,Y,No,16,3,2,80,0,5.0,3,3,5.0,2.0,1,0.0
52.0,No ,Travel_Rarely,1053.0,Research & Development,1.0,2,Life Sciences,1,976,4,Male,70.0,3,4,Manager,4,,17099.0,13829.0,2,Y,No,15,3,2,80,1,26.0,2,2,9.0,8.0,7,8.0
58.0, YES, Travel_Rarely ,289.0,Research & Development,2.0,3,Technical Degree,1,977,4,Male,51.0,3,1,Research Scientist,3,Single,2479.0,26227.0,4,Y,No,24,4,1,80,0,7.0,4,3,1.0,0.0,0,0.0
53.0,No ,Travel Rarely,1376.0,sales,2.0,2, Medical ,1,981,3,Male,45.0,3,4,Manager,3,Divorced,14852.0,13938.0,6,Y,No,13,3,3,80,1,22.0,3,4,17.0,13.0,15,2.0
30.0,No,Travel Rarely,231.0,Sales,8.0,2,Other,1,982,3,Male,62.0,3,3,Sales Executive,3,Divorced,,9977.0,5,Y,No,11,3,1,80,1,10.0,2,4,8.0,4.0,7,7.0
38.0,No,Non-Travel,152.0,Sales,10.0,3,Technical Degree,1,983,3,Female,85.0,3,2,Sales Executive,4,Single,5666.0,19899.0,1,Y,Yes,13,3,2,80,0,6.0,1,3,5.0,3.0,1,3.0
35.0,No,Travel_Rarely,882.0,Sales,3.0,4,Life Sciences,1,984,4,MALE,92.0,3,3,sales executive,4,Divorced,7823.0,6812.0,6,Y,No,13,3,2,80,1,12.0,2,3,10.0,9.0,0,8.0
39.0,,Travel_Rarely,903.0,Sales,2.0,5,Life Sciences,1,985,1,Male,41.0,4,3,Sales Executive,3,Single,7880.0,2560.0,0,Y,No,18,3,4,80,0,60.0,3,3,8.0,7.0,0,7.0
40.0,Yes,Non-Travel,1479.0,Sales,24.0,3,Life Sciences,1,986,2,Female,,4,4,Sales Executive,2,Single,13194.0,17071.0,-1,Y,Yes,16,3,4,80,0,22.0,2,2,1.0,0.0,0,0.0
47.0,No,Travel_Frequently,1379.0,Research & Development,16.0,4,Medical,1,987,3,Male,64.0,4,2,Manufacturing Director,3,Divorced,5067.0,6759.0,1,Y,Yes,19,3,3,80,0,,3,4,19.0,10.0,2,7.0
36.0,no,Non-Travel,1229.0,Sales,8.0,4,Technical Degree,1,990,1,Male,84.0,3,2,Sales Executive,4,Divorced,5079.0,25952.0,4,Y,No,13,3,4,80,2,12.0,3,3,7.0,7.0,0,7.0
,Yes,Non-Travel,335.0,Research & Development,9.0,2,,1,991,3,Male,46.0,2,1,Research Scientist,1,Single,2321.0,10322.0,0,Y,Yes,22,4,1,80,0,4.0,0,3,3.0,2.0,1,2.0
33.0,No,Non-Travel,722.0,Sales,17.0,3,Life Sciences,1,992,4,Male,38.0,3,4,Manager,3,Single,17444.0,20489.0,1,Y,NO,11,3,4,80,0,10.0,2,3,10.0,8.0,6,0.0
29.0,,Travel_Rarely,906.0,Research & Development,10.0,3,Life Sciences,1,994,4,Female,92.0,2,1,Research scientist,1,Single,2404.0,11479.0,6,Y,Yes,20,4,3,80,0,3.0,5,3,0.0,0.0,0,0.0
33.0,No,Travel_Rarely,,Research & Development,13.0,1,Life Sciences,1,995,2,Female,53.0,3,1,Research scientist,4,single,3452.0,17241.0,3,Y,No,18,3,1,80,0,5.0,4,3,3.0,2.0,0,2.0
45.0,No,Travel_Rarely,,Research & Development,1.0,4,Medical,1,996,4,Female,91.0,3,1,Laboratory Technician,4,Divorced,2270.0,11005.0,3,Y, No ,14,3,4,80,2,8.0,2,3,5.0,3.0,0,25.0
50.0, NO,Travel_Rarely,1126.0,Research & Development,1.0,2,Medical,1,997,4, Male ,66.0,3,4,Research Director,4,Divorced,17399.0,6615.0,9,Y,,22,4,3,80,1,32.0,1,2,5.0,4.0,-1,3.0
33.0,No,Travel Frequently,827.0,Research & Development,1.0,4,Other,1,998,3,Female,,4,2,Healthcare Representative,2,Married,5488.0,20161.0,1,Y,Yes,30,3,1,80,1,6.0,2,3,6.0,5.0,1,2.0
41.0,No,Travel_Frequently,840.0,Research & Development,9.0,3,Medical,1,999,1,Male,64.0,3,5,Research Director,3,Divorced,19419.0,3735.0,2,Y,No,17,3,2,80,1,21.0,2,4,18.0,16.0,0,
27.0,No,Travel_Rarely,,Research & Development,16.0,4,Technical Degree,1,1001,3,Female,37.0,3,1,Laboratory Technician,2,Married,2811.0,12086.0,9,Y, No ,14,3,2,80,1,4.0,2,3,-2.0,2.0,2,2.0
45.0,No,Non-Travel,248.0,Research & Development,23.0,2,Life Sciences,1,1002,4,male,42.0,3,2,Laboratory Technician,1,Married,,14039.0,1,Y,Yes,15,3,3,80,1,9.0,2,3,9.0,8.0,0,8.0
47.0,No,Travel Rarely,955.0,Sales,4.0,2,Life Sciences,1,1003,4,female,83.0,3,2,Sales Executive,4,Single,4163.0,8571.0,1,Y,Yes,17,3,3,80,0,9.0,0,3,9.0,0.0,0,
30.0,Yes,Travel_Rarely,,Research & Development,22.0,3,Life Sciences,1,1004,1,Female,48.0,3,1,Research Scientist,3,married,2132.0,11539.0,4,Y,YES,11,3,2,80,0,7.0,2,3,,2.0,25,1.0
50.0,No, Travel_Rarely ,939.0,Research & Development,24.0,3,life sciences,1,1005,4,Male,95.0,3,4,Manufacturing Director,3,Married,13973.0,4161.0,3,Y,Yes,18,3,4,80,1,22.0,2,3,12.0,11.0,1,5.0
,No,travel_frequently,1391.0,Research & Development,10.0,1, Medical ,1,1006,3,Male,66.0,3,1,Research Scientist,3,Married,2684.0,12127.0,0,Y,No,17,3,2,80,1,3.0,0,2,2.0,1.0,0,2.0
46.0,No,Travel_Rarely,566.0,Research & Development,7.0,2,Medical,1,1007,4,Male,75.0,3,3,Manufacturing Director,3,Divorced,10845.0,24208.0,6,Y,NO,13,3,2,80,1,13.0,3,3,8.0,7.0,0,7.0
24.0,No,Travel_Rarely,1206.0,Research & Development,17.0,1,Medical,1,1009,4,Female,41.0,2,2,MANUFACTURING DIRECTOR,3,divorced,4377.0,24117.0,1,Y,No,15,3,2,80,2,5.0,6,3,4.0,,3,2.0
,Yes,Travel_Rarely,622.0,Research & Development,14.0,4,Other,1,1010,3,Male,39.0,2,1,Laboratory Technician,2,Divorced,3743.0,10074.0,1,Y,YES,24,4,4,80,1,,2,1,4.0,2.0,0,2.0
31.0,No,Travel_Frequently,853.0,Research & Development,0.0,1,Life Sciences,1,1011,3,FEMALE,96.0,3,2,Manufacturing Director,1,Married,4148.0,11275.0,1,Y, No ,12,3,3,80,1,4.0,1,3,4.0,3.0,0,3.0
18.0,No,Non-Travel,287.0,Research & Development,5.0,2,Life Sciences,1,1012,2,Male,73.0,3,1,Research Scientist,4,Single,1051.0,13493.0,1,Y,No,15,3,4,80,0,0.0,2,3,0.0,0.0,0,0.0
54.0,No, Travel_Rarely ,1441.0,Research & Development,17.0,3,Technical Degree,1,1013,3,Female,56.0,3,3,Manufacturing Director,3,Married,10739.0,13943.0,8,Y,No,11,3,3,80,1,22.0,2,3,,7.0,0,8.0
35.0,No,Travel_Rarely,583.0,Research & Development,25.0,4, Medical ,1,1014,3,FEMALE,57.0,3,3,Healthcare Representative,3,Divorced,10388.0,6975.0,1,Y,Yes,11,3,3,80,1,16.0,3,2,16.0,10.0,10,1.0
30.0,No,travel_rarely,153.0,Research & Development,,2,Life Sciences,1,1015,2,Female,73.0,4,3,Research Director,1,Married,,17802.0,0,Y,Yes,12,3,3,80,3,9.0,4,2,8.0,7.0,1,7.0
20.0,Yes,Travel_Rarely,-100.0,Research & Development,11.0,3,Medical,1,1016,4,Female,98.0,2,1,Research Scientist,1,Single,2600.0,18275.0,1,Y,Yes,15,3,1,80,0,1.0,2,3,1.0,0.0,0,0.0
30.0,Yes,Travel_Frequently,109.0,Research & Development,5.0,3, Medical ,1,1017,2,female,60.0,3,1,Laboratory Technician,2,Single,,25725.0,0,Y,No,17,3,1,80,0,4.0,3,3,3.0,2.0,1,2.0
26.0,,Travel_Rarely,1066.0,Research & Development,2.0,2,Medical,1,1018,4,male,32.0,4,2,MANUFACTURING DIRECTOR,4,Married,5472.0,3334.0,1,Y,,12,3,2,80,0,8.0,2,3,8.0,7.0,1,3.0
22.0,No,Travel_Rarely,217.0,Research & Development,8.0,1,Life Sciences,1,1019,2,,94.0,1,1,Laboratory Technician,1,married,2451.0,6881.0,1,Y,No,15,3,1,80,1,4.0,3,2,4.0,3.0,1,1.0
48.0, NO,Travel_Rarely,277.0,Research & Development,6.0,3,Life Sciences,1,1022,1,Male,,2,2,Healthcare representative,3,Single,4240.0,13119.0,2,Y,No,13,3,4,80,0,19.0,0,3,2.0,2.0,2,
48.0,No, Travel_Rarely ,1355.0,Research & Development,4.0,4,Life Sciences,1,1024,3,Male,78.0,2,3,Healthcare Representative,3,Single,10999.0,22245.0,7,Y,No,14,3,2,80,0,27.0,3,3,15.0,11.0,4,8.0
41.0,,,549.0,,7.0,2,Medical,1,1025,4,female,42.0,3,2,MANUFACTURING DIRECTOR,3,Single,5003.0,23371.0,6,Y,no,14,3,2,80,0,8.0,6,3,2.0,,2,1.0
39.0,No,Travel_Rarely,466.0,,1.0,1,Life Sciences,1,1026,4,female,65.0,2,4,Manufacturing Director,4,Married,12742.0,7060.0,1,Y,No,16,3,3,80,1,21.0,3,3,21.0,6.0,11,8.0
27.0,No,Travel_Rarely,1055.0,Research & Development,2.0,4,,1,1027,1,Female,47.0,3,2,,4,Married,4227.0,4658.0,0,Y,No,18,3,2,80,1,4.0,2,3,3.0,2.0,2,2.0
35.0,No,travel_rarely,802.0,Research & Development,10.0,3,Other,1,1028,2,Male,-10.0,3,1,Laboratory Technician,4,Divorced,3917.0,9541.0,1,Y, No ,20,4,1,80,1,3.0,4,2,3.0,2.0,1,2.0
,No,Travel_Rarely,265.0,Sales,5.0,2,MARKETING,1,1029,4,Male,90.0,3,5,Manager,3,Married,18303.0,35000.0,6,Y, No ,13,3,2,80,0,21.0,3,4,1.0,0.0,0,0.0
50.0,No,Travel_Rarely,804.0,Research & Development,9.0,3,life sciences,1,1030,1,male,64.0,3,1,Laboratory Technician,4,Married,2380.0,20165.0,4,Y,No,18,3,2,80,0,,5,3,1.0,0.0,0,0.0
59.0,No,,715.0,Research & Development,2.0,3,life sciences,1,1032,3,Female,69.0,2,4,Manufacturing Director,4,Single,13726.0,21829.0,3,Y,Yes,13,3,1,80,0,30.0,4,3,5.0,,4,3.0
37.0,Yes,Travel_Rarely,1141.0,Research & Development,11.0,2,Medical,1,1033,1,Female,61.0,1,2,,2,Married,4777.0,14382.0,5,Y,No,15,3,1,80,0,15.0,2,1,1.0,,0,0.0
55.0,No,Travel_Frequently,135.0,Research & Development,18.0,4,Medical,1,1034,3,Male,62.0,3,2,Healthcare Representative,2,Married,6385.0,12992.0,3,Y,Yes,14,3,4,80,2,,3,3,8.0,7.0,6,7.0
41.0,No,Non-Travel,247.0,Research & Development,7.0,1,life sciences,1,1035,2,Female,55.0,1,5,Research Director,3,Divorced,19973.0,20284.0,1,Y,NO,22,4,2,80,2,21.0,3,3,21.0,16.0,5,10.0
38.0,No,Travel_Rarely,1035.0,Sales,,4,Life Sciences,1,1036,2,Male,42.0,3,2,Sales Executive,4,Single,6861.0,4981.0,8,Y,Yes,12,3,3,80,0,19.0,1,3,1.0,0.0,0,0.0
26.0,Yes,Non-Travel,265.0,Sales,29.0,2,Medical,1,1037,2,Male,79.0,1,2,Sales Executive,1,Single,4969.0,21813.0,8,Y,No,18,3,4,80,0,7.0,6,3,-2.0,2.0,2,2.0
52.0,Yes,Travel_Rarely,266.0,sales,2.0,1,Marketing,1,1038,1,Female,57.0,1,5,Manager,4,Married,19845.0,25846.0,1,Y,,15,3,4,80,1,33.0,3,3,32.0,14.0,6,9.0
44.0,No,Travel_Rarely,1448.0,,28.0,3,Medical,1,1039,4,Female,53.0,4,4,Sales Executive,4,Married,13320.0,11737.0,3,Y,YES,18,3,3,80,1,23.0,2,3,12.0,11.0,11,11.0
50.0,No,Non-Travel,145.0,Sales,1.0,3,Life Sciences,1,1040,4,Female,95.0,3,2,Sales Executive,3,Married,6347.0,24920.0,0,Y,No,12,3,1,80,1,19.0,3,3,18.0,7.0,0,13.0
36.0,Yes,Travel_Rarely,885.0,Research & Development,16.0,4,Life Sciences,1,1042,3,Female,43.0,4,1,Laboratory Technician,1,Single,2743.0,8269.0,1,Y,No,16,3,3,80,0,18.0,1,3,17.0,,15,14.0
39.0,No,Travel_Frequently,945.0,Research & development ,22.0,3,Medical,1,1043,4,,82.0,3,3,Manufacturing Director,1,Single,10880.0,5083.0,1,Y,Yes,13,3,3,80,0,21.0,2,3,21.0,6.0,2,8.0
33.0,No,Non Travel,1038.0,Sales,8.0,1,Life Sciences,1,1044,2,Female,88.0,2,1,Sales Representative,4,Single,2342.0,21437.0,0,Y,No,19,3,4,80,0,3.0,2,2,2.0,2.0,2,2.0
45.0,No,Travel_Rarely,1234.0, Sales ,11.0,2,Life Sciences,1,1045,4,Female,90.0,3,4,Manager,4,Married,17650.0,,3,Y,No,13,3,2,80,1,26.0,4,4,9.0,3.0,1,1.0
32.0,No,Non-Travel,1109.0,Research & Development,29.0,4,Medical,1,1046,4,Female,69.0,3,1,Laboratory Technician,3,Single,4025.0,11135.0,12,Y,no,12,3,2,80,0,10.0,2,3,8.0,7.0,7,7.0
34.0, NO,Travel_Rarely,216.0,Sales,1.0,4,Marketing,1,1047,2,Male,75.0,4,2,sales executive,4,Divorced,9725.0,12278.0,0,Y,No,11,3,4,80,1,,2,2,15.0,1.0,0,9.0
59.0,No,Travel_Rarely,1089.0,Sales,1.0,2,Technical Degree,1,1048,2,Male,66.0,3,3,Manager,4,Married,11904.0,11038.0,3,Y, Yes ,14,3,3,80,1,14.0,1,1,6.0,4.0,0,4.0
45.0,No,Travel_Rarely,788.0,Human Resources,24.0,4,Medical,1,1049,2,Male,36.0,3,1,Human Resources,2,Single,2177.0,8318.0,1,Y,No,16,3,1,80,0,6.0,3,3,6.0,3.0,0,4.0
53.0,No,Travel_Frequently,124.0,Sales,2.0,3,Marketing,1,1050,3,Female,38.0,2,3,sales executive,2,Married,7525.0,23537.0,12,Y,No,12,3,1,80,1,30.0,2,3,15.0,7.0,6,12.0
36.0,Yes,Travel_Rarely,660.0,Research & Development,15.0,3,Other,1,1052,1,Male,81.0,3,2,Laboratory technician ,3,divorced,4834.0,7858.0,7,Y,No,14,3,2,80,1,9.0,3,2,1.0,0.0,0,
26.0,Yes,Travel_Frequently,342.0,Research & Development,2.0,3,Life Sciences,1,1053,1,Male,57.0,3,1,,1,Married,,15346.0,6,Y,Yes,14,3,2,80,1,6.0,2,3,3.0,2.0,1,2.0
34.0,No,Travel_Rarely,1333.0,Sales,10.0,4,,1,1055,3,Female,87.0,3,1,Sales Representative,3,MARRIED,2220.0,18410.0,1,Y,yes,19,3,4,80,1,1.0,2,3,1.0,1.0,0,0.0
28.0,No,Travel_Rarely,1144.0,Sales,,1,Medical,1,1056,4,,74.0,3,1,Sales Representative,2,Married,1052.0,23384.0,1,Y,No,22,4,2,80,0,1.0,5,3,,0.0,0,0.0
38.0,No,Travel_Frequently,1186.0,Research & Development,3.0,4,Other,1,1060,3,Male,-10.0,3,1,Research Scientist,3,Married,2821.0,2997.0,3,Y,No,16,3,1,80,1,8.0,2,3,2.0,2.0,2,
50.0,No,Travel_Rarely,1464.0,Research & Development,,4, Medical ,1,1061,2,male,62.0,3,5,Research Director,3,Married,19237.0,12853.0,2,Y,Yes,11,3,4,80,1,29.0,2,2,8.0,1.0,7,7.0
37.0,No,Travel_Rarely,124.0,Research & Development,3.0,3,Other,1,1062,4,Female,35.0,3,2,Healthcare Representative,2,Single,4107.0,13848.0,3,Y,No,15,3,1,80,0,8.0,3,2,4.0,3.0,0,1.0
40.0,No,Travel_Rarely,300.0,Sales,26.0,3,MARKETING,1,1066,3,Male,74.0,3,2,Sales Executive,1,Married,8396.0,22217.0,1,Y,no,14,3,2,80,1,8.0,3,2,7.0,7.0,7,5.0
26.0,No,travel_frequently,-100.0,Research & Development,1.0,1,Medical,1,1068,1,Female,,2,1,Research Scientist,3, Divorced ,2007.0,25265.0,1,Y,NO,13,3,3,80,2,5.0,5,3,5.0,3.0,1,3.0
46.0,No,Travel_Rarely,430.0,Research & Development,1.0,4,Medical,1,1069,4,Male,40.0,3,5,Research Director,4,Divorced,19627.0,21445.0,9,Y,No,17,3,4,80,2,,0,3,2.0,2.0,2,2.0
54.0,No,Travel_Rarely,1082.0,Sales,2.0,4,Life Sciences,1,1070,3,,41.0,2,3,Sales Executive,3,Married,10686.0,8392.0,6,Y,No,11,3,2,80,1,13.0,4,3,9.0,4.0,7,0.0
56.0,No,Travel_Frequently,1240.0,Research and Development,9.0,3,Medical,1,1071,1,Female,63.0,3,1,Research Scientist,3,Married,2942.0,12154.0,2,Y,No,19,3,2,80,1,18.0,4,3,5.0,4.0,0,3.0
36.0,No,Travel_Rarely,796.0,Research & Development,12.0,5,Medical,1,1073,4,Female,51.0,2,3,Manufacturing Director,4,single,8858.0,15669.0,0,Y,No,11,3,2,80,0,15.0,2,2,14.0,8.0,7,8.0
55.0,No,Non-Travel,444.0,Research & Development,2.0,1,Medical,1,1074,3,Male,40.0,2,4,Manager,1,Single,16756.0,17323.0,7,Y,No,15,3,2,80,0,-2.0,3,4,9.0,7.0,6,2.0
43.0,,Travel_Rarely,415.0,Sales,25.0,3, Medical ,1,1076,3,Male,79.0,2,3,Sales Executive,4,Divorced,10798.0,5268.0,5,Y,No,13,3,3,80,1,18.0,5,3,1.0,0.0,0,0.0
20.0,Yes,Travel_Frequently,769.0,Sales,9.0,3,Marketing,1,1077,4,,54.0,3,1,Sales Representative,4,,2323.0,17205.0,1,Y,Yes,14,3,2,80,0,2.0,3,3,2.0,2.0,0,2.0
,Yes,Travel_Rarely,1334.0,,,3,life sciences,1,1079,3,Female,36.0,2,1,Laboratory Technician,1,Single,1416.0,17258.0,1,Y,No,13,3,1,80,0,1.0,6,2,1.0,0.0,1,
46.0,No,Travel_Rarely,1003.0,Research & Development,8.0,4,Life Sciences,1,1080,4,Female,74.0,2,2,Research Scientist,1,Divorced,4615.0,21029.0,8,Y,Yes,23,4,1,80,3,19.0,2,3,16.0,13.0,1,7.0
51.0,Yes,Travel_Rarely,1323.0,Research & Development,4.0,4,life sciences,1,1081,1,Male,34.0,3,1,Research Scientist,3,Married,2461.0,10332.0,9,Y,Yes,12,3,3,80,3,18.0,2,4,10.0,0.0,2,-1.0
28.0,Yes,,1366.0,Research & Development,24.0,2,Technical Degree,1,1082,2,Male,,2,3,Healthcare Representative,1,Single,8722.0,12355.0,1,Y,No,12,3,1,80,0,10.0,2,2,10.0,7.0,1,9.0
26.0,No,Travel_Rarely,192.0,Research & Development,1.0,2,Medical,1,1083,1,Male,59.0,2,1,Laboratory Technician,1,Married,3955.0,-1000.0,1,Y,No,16,3,1,80,2,6.0,2,3,5.0,3.0,1,3.0
30.0,no,Travel_Rarely,1176.0,Research & Development,20.0,3,other,1,1084,3, Male ,85.0,3,2,Manufacturing Director,1,Married,9957.0,35000.0,0,Y,No,15,3,3,80,1,7.0,1,2,6.0,2.0,0,2.0
41.0,No,Travel_Rarely,509.0,Research & Development,,6,Technical Degree,1,1085,2,Female,43.0,4,1,Research Scientist,3,Married,3376.0,18863.0,1,Y,,13,3,3,80,0,,3,3,10.0,6.0,0,8.0
38.0,No,Travel_Rarely,330.0,Research & Development,17.0,1,Life Sciences,1,1088,3,Female,65.0,2,3,Healthcare Representative,3,married,,24608.0,0,Y,No,18,3,1,80,1,,4,2,19.0,9.0,1,9.0
40.0,No,Travel_Rarely,,Research & Development,20.0,4,Technical Degree,1,1092,1, Male ,61.0,3,3,Healthcare Representative,4,Married,10322.0,26542.0,4,Y, No ,20,4,4,80,1,14.0,6,3,11.0,10.0,11,1.0
27.0,No,Non-Travel,1277.0,Research & development ,,5,life sciences,1,1094,1, Male ,87.0,1,1,Laboratory Technician,3,Married,4621.0,5869.0,1,Y,No,19,3,4,80,3,,4,3,3.0,2.0,1,2.0
55.0,No,Travel_Frequently,1091.0,Research and Development,2.0,1,Life Sciences,1,1096,4,Male,,3,3,MANUFACTURING DIRECTOR,0,Married,10976.0,15813.0,3,Y,No,18,3,2,80,1,23.0,4,3,3.0,2.0,1,2.0
28.0,No,Travel_Rarely,857.0,Research & Development,10.0,3,Other,1,1097,3,Female,59.0,3,2,,3,Single,3660.0,7909.0,3,Y,No,13,3,4,80,0,10.0,4,4,8.0,7.0,1,7.0
44.0,Yes,Travel_Rarely,1376.0,Human Resources,1.0,2,Medical,1,1098,2,Male,91.0,2,3,Human Resources,1,Married,10482.0,2326.0,9,Y,No,14,3,4,80,1,24.0,1,3,20.0,6.0,3,6.0
33.0,No,Travel_Rarely,654.0,Research & Development,5.0,3,Life Sciences,1,1099,4,Male,34.0,2,3,Healthcare Representative,4,Divorced,7119.0,21214.0,4,Y,No,15,3,5,80,1,9.0,2,5,3.0,2.0,1,2.0
35.0,Yes,Travel_Rarely,1204.0,Sales,4.0,3,Technical Degree,1,1100,4,Male,86.0,3,3,Sales Executive,1,Single,9582.0,10333.0,0,Y,Yes,22,4,1,80,0,9.0,2,3,8.0,7.0,4,7.0
33.0,Yes,Travel_Frequently,827.0,Research & Development,29.0,4,Medical,1,1101,1,Female,54.0,2,2,Research Scientist,3,Single,4508.0,,1,Y,no,22,4,2,80,0,14.0,4,3,13.0,7.0,3,8.0
,No,Travel_Rarely,895.0,Research & Development,15.0,2,Life Sciences,1,1102,1,Male,,3,1,Laboratory technician ,3, Divorced ,2207.0,22482.0,1,Y,No,16,3,4,80,1,4.0,5,2,4.0,2.0,2,2.0
,No,Travel_Frequently,618.0,Research & Development,3.0,1,,1,1103,1,Male,45.0,3,2,Healthcare Representative,4,Single,7756.0,22266.0,0,Y,No,17,3,3,80,0,7.0,1,2,6.0,2.0,0,4.0
37.0,No,Travel_Rarely,309.0,Sales,10.0,4,Life Sciences,1,1105,4,Female,88.0,2,2,Sales Executive,4,Divorced,6694.0,,2,Y,Yes,14,3,3,80,3,8.0,5,3,1.0,0.0,0,0.0
70.0,Yes,Travel_Rarely,1219.0,Research & Development,4.0,1,Technical Degree,1,1106,4,Male,32.0,3,1,Laboratory Technician,4, Married ,3691.0,4605.0,1,Y,Yes,15,3,2,80,1,7.0,3,4,7.0,7.0,5,6.0
26.0,Yes,Travel_Rarely,1330.0,Research & Development,,3,Medical,1,1107,1,Male,37.0,3,1,Laboratory Technician,3,Divorced,2377.0,19373.0,1,Y,No,20,4,3,80,1,1.0,0,2,,1.0,0,0.0
33.0,Yes,Travel_Rarely,1017.0,Research & Development,25.0,3,Medical,1,1108,1,,55.0,2,1,Research Scientist,2,Single,2313.0,2993.0,4,Y,Yes,20,4,2,80,0,5.0,0,3,2.0,2.0,2,2.0
42.0,No,Travel_Rarely,469.0,Research & Development,2.0,2,Medical,1,1109,4, Male ,35.0,3,4,Manager,1, Married ,17665.0,14399.0,0,Y,No,17,3,4,80,1,23.0,3,3,22.0,6.0,-1,7.0
28.0,Yes,Travel_Frequently,1009.0,Research & Development,1.0,3,Medical,1,1111,1,Male,45.0,2,1,Laboratory Technician,2,Divorced,2596.0,7160.0,1,Y, No ,15,3,1,80,2,1.0,2,3,1.0,0.0,0,0.0
50.0,Yes,Travel_Frequently,959.0,Sales,1.0,4,Other,1,1113,4,Male,81.0,3,2,Sales Executive,5,single,4728.0,17251.0,3,Y,Yes,14,3,4,80,0,5.0,4,3,0.0,0.0,0,25.0
33.0,No,Travel_Frequently,970.0,Sales,7.0,3,life sciences,1,1114,4,Female,30.0,3,2,Sales Executive,2,Married,4302.0,13401.0,0,Y,No,17,3,3,80,1,4.0,3,3,3.0,2.0,0,2.0
34.0,No,Non-Travel,697.0,Research & Development,3.0,4,Life Sciences,1,1115,3,Male,40.0,2,1,Research Scientist,4,Married,2979.0,22478.0,3,Y,No,17,3,4,80,3,6.0,2,3,0.0,0.0,0,0.0
48.0,,non-travel,1262.0,Research & Development,1.0,4,Medical,1,1116,1,Male,35.0,4,4,Manager,4,Single,16885.0,16154.0,2,Y,No,22,4,3,80,0,27.0,3,2,5.0,4.0,2,1.0
45.0,No,Non-Travel,1050.0,Sales,9.0,4,,1,1117,2,Female,65.0,2,2,Sales Executive,3,Married,5593.0,17970.0,1,Y,No,13,3,4,80,1,15.0,2,3,15.0,10.0,4,12.0
52.0,No,Travel_Rarely,994.0,Research & Development,7.0,4,Life Sciences,1,1118,2,Male,87.0,3,3,Healthcare Representative,2,Single,10445.0,15322.0,7,Y,No,19,3,4,80,0,18.0,4,3,8.0,,4,0.0
38.0,No,Travel_Rarely,770.0,Sales,10.0,4,Marketing,1,1119,3,Male,73.0,2,3,Sales Executive,3,Divorced,8740.0,5569.0,0,Y,Yes,14,3,2,80,2,9.0,2,3,8.0,,2,7.0
29.0,No,Travel_Rarely,1107.0,Research & Development,-3.0,4,Life Sciences,1,1120,3,Female,93.0,3,1,Research scientist,4,Divorced,2514.0,26968.0,4,Y,No,22,4,1,80,1,11.0,1,3,-2.0,5.0,1,
28.0,No,Travel_Rarely,950.0,Research & Development,3.0,3,Medical,1,1121,4,Female,93.0,3,3,Manufacturing Director,2,Divorced,7655.0,8039.0,0,Y,No,17,3,2,80,3,10.0,3,2,9.0,7.0,1,7.0
46.0,,Travel_Rarely,406.0,Sales,3.0,1,Marketing,1,1124,1,Male,52.0,3,4,Manager,3,Married,17465.0,15596.0,3,Y,No,12,3,4,80,1,23.0,3,3,12.0,9.0,4,9.0
38.0,No,Travel_Rarely,130.0,Sales,2.0,2,Marketing,1,1125,4,MALE,32.0,3,3,sales executive,2,Single,7351.0,20619.0,7,Y,No,16,3,3,80,0,10.0,2,3,1.0,0.0,0,0.0
43.0,No,Travel_Frequently,1082.0,Research & Development,27.0,3,Life Sciences,1,1126,3,Female,83.0,3,3,Manufacturing Director,1,Married,10820.0,11535.0,8,Y,No,30,3,3,80,1,18.0,1,3,8.0,25.0,0,1.0
39.0,Yes,Travel_Frequently,203.0,Research & Development,2.0,3,life sciences,1,1127,1,Male,84.0,3,4,Healthcare Representative,4,Divorced,12169.0,13547.0,7,Y,No,11,3,4,80,3,21.0,4,3,18.0,7.0,11,5.0
40.0,No,Travel_Rarely,1308.0,Research & Development,14.0,3,Medical,1,1128,3,Male,44.0,2,5,,3,Single,19626.0,17544.0,1,Y,No,14,3,1,80,0,21.0,2,4,20.0,,4,9.0
21.0,No,Travel_Rarely,984.0,Research & Development,1.0,1,Technical Degree,1,1131,4,FEMALE,70.0,2,1,Research Scientist,2,Single,2070.0,25326.0,1,Y,Yes,11,3,3,80,0,2.0,6,4,,2.0,2,2.0
39.0,No,Non-Travel,439.0,Research & Development,9.0,3,Life Sciences,1,1132,3,Male,70.0,3,2,Laboratory Technician,2,Single,6782.0,8770.0,9,Y, No ,15,3,3,80,0,9.0,2,2,5.0,4.0,0,3.0
36.0,No,Non-Travel,217.0,Research & Development,18.0,4,Life Sciences,1,1133,1,Male,78.0,3,2,Manufacturing Director,4,Single,7779.0,23238.0,2,Y,No,20,4,1,80,0,18.0,0,3,11.0,9.0,0,9.0
31.0,No,Travel_Frequently,793.0,Sales,20.0,3,Life Sciences,1,1135,3,male,67.0,4,1,Sales Representative,4,Married,2791.0,21981.0,0,Y,No,12,3,1,80,1,3.0,4,3,2.0,2.0,2,2.0
28.0,No,Travel_Rarely,1451.0,Research & Development,2.0,1,Life Sciences,1,1136,1,Male,67.0,2,1,Research Scientist,2,Married,,19911.0,0,Y,No,17,3,1,80,0,6.0,2,1,5.0,3.0,0,4.0
35.0,No, Travel_Frequently ,1182.0,Sales,11.0,2,Marketing,1,1137,4,Male,54.0,3,2,Sales Executive,4,divorced,4968.0,18500.0,1,Y,No,11,3,4,80,1,5.0,3,3,5.0,2.0,0,2.0
49.0,No,Travel_Rarely,174.0,Sales,8.0,4,Technical Degree,1,1138,4,Male,56.0,2,4,Sales Executive,2,Married,13120.0,11879.0,6,Y,No,17,3,2,80,1,22.0,3,3,9.0,8.0,2,3.0
34.0,No ,Travel_Frequently,1003.0,Research & development ,2.0,2,Life Sciences,1,1140,4,Male,95.0,3,2,Manufacturing Director,3,Single,4033.0,15834.0,2,Y,No,11,3,4,80,0,5.0,3,2,3.0,2.0,0,2.0
29.0,No,Travel_Frequently,490.0,Research & Development,10.0,3,Life Sciences,1,1143,4,Female,61.0,3,1,Research Scientist,2,Divorced,3291.0,17940.0,0,Y,No,14,3,4,80,2,8.0,2,2,18.0,5.0,1,1.0
42.0,No,Travel_Rarely,188.0,Research & Development,29.0,3,Medical,1,1148,2,Male,56.0,1,2,Laboratory Technician,4,Single,4272.0,9558.0,4,Y,No,19,3,1,80,0,16.0,3,3,1.0,0.0,0,0.0
29.0,No, Travel_Rarely ,-100.0,Research & Development,8.0,1,Medical,1,1150,2,Male,79.0,2,2,Manufacturing Director,4,Married,5056.0,17689.0,1,Y,Yes,15,3,3,80,1,10.0,2,2,10.0,7.0,1,
38.0,No, Travel_Rarely ,433.0,human resources,1.0,3,Human Resources,1,1152,3,MALE,37.0,4,1,Human Resources,3,married,2844.0,6004.0,1,Y,No,13,3,4,80,1,7.0,2,4,7.0,6.0,5,0.0
28.0,No ,Travel_Frequently,773.0,Research & Development,6.0,3,Life Sciences,1,1154,3,Male,39.0,2,1,Research Scientist,3,Divorced,2703.0,22088.0,1,Y,Yes,14,3,4,80,1,3.0,2,3,3.0,1.0,0,2.0
18.0,Yes, Non-Travel ,247.0,Research & Development,8.0,1, Medical ,1,1156,3,Male,80.0,3,1,Laboratory Technician,3,Single,1904.0,13556.0,1,Y,No,12,3,4,80,0,0.0,0,3,0.0,0.0,0,0.0
33.0,Yes,Travel_Rarely,603.0,Sales,9.0,4,Marketing,1,1157,1,Female,77.0,3,2,Sales Executive,1,Single,8224.0,18385.0,0,Y, Yes ,17,3,1,80,0,,3,3,5.0,2.0,0,3.0
41.0,No,Travel_Rarely,167.0,Research & Development,12.0,4,Life Sciences,1,1158,2, Male ,46.0,3,1,Laboratory Technician,4,Married,4766.0,9051.0,3,Y,YES,11,3,1,80,1,6.0,4,3,1.0,0.0,0,0.0
31.0,Yes,Travel_Frequently,0.0,Research & Development,15.0,3,Medical,1,1160,3,Male,72.0,3,1,,3,Married,2610.0,6233.0,1,Y,No,12,3,3,80,1,2.0,5,2,2.0,-1.0,2,2.0
37.0,No,Travel_Rarely,367.0,,25.0,2,Medical,1,1161,5,Female,52.0,2,2,Healthcare representative,4,Divorced,5731.0,17171.0,7,Y,,13,3,3,80,2,9.0,2,3,6.0,2.0,1,
27.0,No, Travel_Rarely ,199.0,Research & Development,6.0,3,Life Sciences,1,1162,4,Male,55.0,2,1,Research Scientist,3,Married,2539.0,7950.0,1,Y,No,13,3,3,80,1,4.0,0,3,4.0,2.0,2,2.0
34.0,No,Travel_Rarely,1400.0,Sales,9.0,1,life sciences,1,1163,2,Female,70.0,3,2,Sales Executive,3,Married,5714.0,5829.0,1,Y,No,20,4,1,80,0,6.0,3,2,6.0,5.0,1,3.0
35.0,No,Travel_Rarely,528.0, Human Resources ,8.0,4,Technical Degree,1,1164,3,Male,100.0,3,1,Human Resources,3,Single,4323.0,7108.0,1,Y, No ,17,3,2,80,0,6.0,2,1,5.0,4.0,1,4.0
29.0,Yes,Travel_Rarely,408.0,Sales,23.0,1,Life Sciences,1,1165,4,Female,45.0,2,3,Sales Executive,1,Married,7336.0,11162.0,1,Y,No,13,3,1,80,1,11.0,3,1,11.0,8.0,3,10.0
40.0,No,Travel_Frequently,593.0,research & development,9.0,4,Medical,1,1166,2, Female ,88.0,3,3,Research Director,3,Single,13499.0,13782.0,9,Y,No,17,3,3,80,0,20.0,3,2,18.0,7.0,2,13.0
42.0,Yes,Travel_Frequently,481.0,Sales,12.0,3,Life Sciences,1,1167,3,Male,44.0,3,4,Sales Executive,1,Single,13758.0,2447.0,0,Y,Yes,12,3,2,80,0,22.0,2,2,21.0,9.0,13,14.0
42.0,No,Travel_Rarely,647.0,Sales,4.0,4,Marketing,1,1171,2,Male,45.0,3,2,Sales Executive,1,Single,5155.0,2253.0,7,Y,No,13,3,4,80,0,9.0,3,4,6.0,4.0,1,5.0
35.0,No,Travel Rarely,982.0,Research & Development,1.0,4, Medical ,1,1172,4,Male,58.0,2,1,Laboratory Technician,3,Married,2258.0,16340.0,6,Y,No,12,3,2,80,1,10.0,2,3,8.0,0.0,1,7.0
24.0,No,Travel_Rarely,477.0,Research & Development,24.0,3,Medical,1,1173,4,Male,49.0,3,1,Laboratory Technician,2,Single,3597.0,6409.0,8,Y,No,30,4,4,80,0,6.0,2,3,4.0,3.0,1,2.0
28.0,Yes ,travel_rarely,1485.0,Research & Development,12.0,1,Life Sciences,1,1175,3,Female,79.0,3,1,Laboratory Technician,4,Married,2515.0,22955.0,1,Y,Yes,11,3,4,80,0,,4,2,1.0,1.0,0,0.0
26.0,No ,Travel_Rarely,1384.0,Research & Development,3.0,4,Medical,1,1177,1,Male,82.0,4,1,Laboratory technician ,4,married,4420.0,13421.0,1,Y,No,22,4,2,80,1,8.0,2,3,8.0,7.0,0,7.0
30.0,No, Travel_Rarely ,852.0,Sales,10.0,3,MARKETING,1,1179,3,Male,72.0,2,2,Sales Executive,3,married,6578.0,2706.0,1,Y,No,18,3,1,80,1,10.0,3,3,10.0,3.0,1,4.0
40.0,No,Travel_Frequently,902.0,Research & Development,26.0,2,Medical,1,1180,3,Female,,2,2,Research Scientist,4, Married ,4422.0,21203.0,3,Y,yes,13,3,4,80,1,16.0,3,1,1.0,1.0,0,0.0
35.0,no, Travel_Rarely ,819.0,Research & Development,2.0,3,Life Sciences,1,1182,3,Male,44.0,2,3,Manufacturing Director,2, Divorced ,10274.0,19588.0,2,Y,No,18,2,2,80,1,15.0,2,4,7.0,7.0,6,4.0
34.0,no,Travel_Frequently,669.0,Research & Development,1.0,3,Medical,1,1184,4,Male,97.0,2,2,Healthcare Representative,1,Single,5343.0,25755.0,0,Y,NO,20,4,3,80,0,14.0,3,3,13.0,9.0,-1,9.0
35.0,No,Travel_Frequently,636.0,Research and Development,4.0,4,Other,1,1185,4,Male,47.0,2,1,Laboratory technician ,4,Married,2376.0,26537.0,1,Y,No,13,3,2,80,1,2.0,2,4,2.0,2.0,2,2.0
43.0, YES,Travel_Rarely,1372.0,Sales,9.0,3,Marketing,1,1188,1,Female,85.0,1,2,Sales Executive,3,Single,5346.0,9489.0,8,Y,No,13,3,2,80,0,7.0,2,2,4.0,3.0,1,3.0
32.0,No,Non-Travel,862.0,SALES,2.0,1,Life Sciences,1,1190,3,Female,76.0,3,1,Sales Representative,1,Divorced,2827.0,14947.0,1,Y,NO,12,3,3,80,3,1.0,3,3,1.0,0.0,0,0.0
56.0,No,Travel_Rarely,718.0,Research & Development,4.0,4,Technical Degree,1,1191,4,Female,92.0,3,5,Manager,1,Divorced,19943.0,18575.0,4,Y,No,13,3,4,80,1,28.0,2,3,5.0,2.0,4,2.0
29.0,No,Travel_Rarely,1401.0,Research & Development,6.0,1,Medical,1,1192,2,Female,,3,1,Laboratory Technician,4,Married,3131.0,26342.0,1,Y,No,13,3,1,80,1,10.0,5,3,10.0,,0,8.0
19.0,No,,645.0,Research & Development,9.0,2,,1,1193,3,Male,54.0,3,1,Research Scientist,1,Single,2552.0,7172.0,1,Y,No,25,4,3,80,0,,4,3,1.0,1.0,0,0.0
45.0,No,Travel_Rarely,1457.0,Research & Development,7.0,3, Medical ,1,1195,1,Female,83.0,3,1,Research Scientist,3,Married,4477.0,20100.0,4,Y, Yes ,19,3,3,80,1,7.0,2,2,3.0,2.0,0,2.0
37.0,No,Travel_Rarely,977.0,Research & Development,1.0,3,Life Sciences,1,1196,4,female,56.0,2,2,Manufacturing Director,4,Married,6474.0,9961.0,1,Y,No,13,3,2,80,1,14.0,2,2,14.0,8.0,3,11.0
20.0,No,Travel_Rarely,805.0,Research and Development,3.0,3,Life Sciences,1,1198,1,Male,87.0,2,1,,3,,3033.0,12828.0,1,Y,No,12,3,1,80,0,2.0,2,2,2.0,2.0,1,2.0
44.0,Yes,,1097.0,Research & Development,10.0,4,Life Sciences,1,1200,3,Male,96.0,3,1,Research Scientist,3,Single,2936.0,,1,Y,Yes,11,3,3,80,0,6.0,4,3,6.0,4.0,0,2.0
53.0,No,Travel_Rarely,1223.0,Research & Development,7.0,2,Medical,1,1201,4,FEMALE,50.0,3,5,Manager,3,Divorced,18606.0,18640.0,3,Y,No,18,3,2,80,1,26.0,6,3,7.0,7.0,4,
29.0,No,Travel_Rarely,942.0,Research & development ,15.0,1,Life Sciences,1,1202,2,Female,69.0,1,1,Research Scientist,4,Married,2168.0,26933.0,0,Y,Yes,18,3,1,80,1,6.0,2,2,,4.0,1,3.0
22.0,Yes,Travel_Frequently,1256.0,Research & Development,3.0,4,Life Sciences,1,1203,3,Male,48.0,2,1,Research Scientist,4,Married,2853.0,4223.0,0,Y,Yes,11,3,2,80,1,1.0,5,3,0.0,0.0,0,0.0
46.0,No, Travel_Rarely ,1402.0,Sales,2.0,3,Marketing,1,1204,3,Female,69.0,3,4, manager ,1,Married,17048.0,24097.0,8,Y,No,23,4,1,80,0,28.0,2,3,26.0,15.0,15,9.0
16.0,no,Non-Travel,111.0,Research & development ,17.0,3,Life Sciences,1,1206,4,Male,74.0,1,1,Research Scientist,3,Single,2290.0,4279.0,2,Y,No,13,3,4,80,0,6.0,3,3,0.0,,0,0.0
33.0,No,Travel_Rarely,147.0,Human Resources,2.0,3,Human Resources,1,1207,2,Male,99.0,3,1,Human Resources,3,Married,3600.0,8429.0,1,Y, No ,13,3,4,80,1,5.0,2,3,5.0,4.0,1,4.0
41.0,Yes,,906.0,Research & Development,5.0,6,Life Sciences,1,1210,1,Male,95.0,2,1,Research Scientist,1,,2107.0,20293.0,6,Y,No,17,3,1,80,1,5.0,2,1,1.0,0.0,0,0.0
30.0,No, Travel_Rarely ,1329.0,Sales,29.0,4,Life Sciences,1,1211,3,male,61.0,3,2,Sales Executive,1,Divorced,4115.0,13192.0,8,Y,No,19,3,3,80,3,8.0,3,3,4.0,3.0,0,3.0
40.0,No ,Travel_Frequently,1184.0,Sales,2.0,4,Medical,1,1212,2,Male,62.0,3,2,Sales Executive,2,Married,4327.0,25440.0,5,Y,No,12,3,4,80,3,5.0,2,3,0.0,25.0,0,0.0
50.0,No, Travel_Frequently ,1421.0,Research & development ,2.0,3,Medical,1,1215,4,Female,30.0,3,4,Manager,1,Married,17856.0,9490.0,2,Y,No,22,4,3,80,1,32.0,-1,3,2.0,2.0,2,2.0
28.0,No,Travel_Rarely,1179.0,Research & Development,19.0,4,Medical,1,1216,4, Male ,78.0,2,1,,1,Married,3196.0,12449.0,1,Y,No,12,3,3,80,3,6.0,2,3,6.0,5.0,3,3.0
46.0,No,Travel_Rarely,1450.0,Research & Development,15.0,2,Life Sciences,1,1217,4,Male,52.0,3,5,Research Director,2,Married,19081.0,10849.0,5,Y,No,11,3,1,80,1,25.0,2,3,4.0,2.0,0,3.0
35.0,No,Travel_Rarely,1361.0,Sales,17.0,4,Life Sciences,1,1218,3,male,94.0,3,2,Sales Executive,1,Married,8966.0,21026.0,3,Y, Yes ,15,3,4,80,3,,2,3,7.0,7.0,1,7.0
24.0,Yes,Travel_Rarely,984.0,Research and Development,17.0,2,Life Sciences,1,1219,4,Female,97.0,3,1,Laboratory Technician,2,married,,3372.0,1,Y,No,13,3,1,80,1,1.0,3,1,1.0,0.0,0,0.0
33.0,No,Travel_Frequently,1146.0,SALES,25.0,3,Medical,1,1220,2,Female,82.0,3,2,Sales Executive,3,MARRIED,4539.0,4905.0,1,Y,NO,12,3,1,80,1,10.0,3,2,10.0,7.0,0,1.0
36.0,No,Travel_Rarely,917.0,Research & Development,6.0,4,Life Sciences,1,1221,3,Male,60.0,1,1,Laboratory Technician,3,Divorced,,6865.0,1,Y,No,14,3,3,80,1,7.0,4,3,7.0,7.0,1,7.0
30.0,No,Travel_Rarely,853.0,Research & Development,7.0,4,Life Sciences,1,1224,3,Male,49.0,3,2,Laboratory Technician,3,Divorced,3491.0,11309.0,1,Y,NO,13,3,1,80,3,10.0,4,2,10.0,7.0,8,9.0
44.0,No, Travel_Rarely ,200.0,Research & Development,29.0,4,other,1,1225,4,Male,32.0,3,2,Research Scientist,4,Single,4541.0,7744.0,1,Y,No,25,4,2,80,0,20.0,3,3,20.0,11.0,13,17.0
20.0,,Travel_Rarely,654.0,SALES,21.0,3,Marketing,1,1226,3,Male,43.0,4,1,Sales Representative,4,Single,2678.0,5050.0,1,Y,No,17,3,4,80,0,2.0,2,3,2.0,1.0,2,2.0
46.0,No, Travel_Rarely ,,Research & Development,2.0,4,Technical Degree,1,1228,4,Male,60.0,3,2,Manufacturing Director,4,Divorced,7379.0,17433.0,2,Y,No,11,3,3,80,1,12.0,3,2,6.0,3.0,1,4.0
42.0,No,Non-Travel,179.0,Human Resources,,5,Medical,1,1231,4, Male ,,4,2,Human Resources,1,Married,6272.0,12858.0,7,Y,No,16,3,1,80,1,10.0,3,4,4.0,3.0,0,3.0
60.0,No,travel_rarely,696.0,Sales,7.0,4,Marketing,1,1233,2,Male,,4,2,Sales Executive,4,Divorced,5220.0,10893.0,0,Y,Yes,18,3,2,80,-1,,3,3,11.0,7.0,1,9.0
32.0,No,Travel_Frequently,116.0,Research & Development,13.0,3,other,1,1234,3,Female,77.0,2,1,Laboratory Technician,2,Married,2743.0,7331.0,1,Y,No,20,4,3,80,1,2.0,2,3,2.0,2.0,2,2.0
32.0,No,Travel_Frequently,1316.0,Research & Development,2.0,2,Life Sciences,1,1235,4,Female,38.0,3,2,Research Scientist,3,Single,4998.0,,4,Y,Yes,14,3,4,80,0,10.0,2,3,8.0,7.0,0,7.0
36.0,No,Travel_Rarely,363.0,Research & Development,1.0,3,Technical Degree,1,1237,3,Female,77.0,1,3,Manufacturing Director,1,,10252.0,4235.0,2,Y,Yes,21,4,3,80,1,17.0,2,3,7.0,7.0,7,7.0
33.0,No,Travel_Rarely,117.0,Research & Development,9.0,3,Medical,1,1238,1,Male,60.0,3,1,Research Scientist,4,Married,2781.0,6311.0,0,Y,No,13,3,2,80,1,15.0,5,3,14.0,10.0,4,10.0
40.0,No,Travel_Rarely,107.0,Sales,0.0,3,Technical Degree,1,1239,5,,84.0,2,2,Sales Executive,2,Divorced,6852.0,11591.0,7,Y,NO,12,3,2,80,1,7.0,2,5,5.0,1.0,1,3.0
25.0,no,Travel_Rarely,1356.0,sales,10.0,4,Life Sciences,1,1240,3,Male,57.0,3,2,Sales Executive,4, Single ,4950.0,20623.0,0,Y,No,14,3,2,80,0,5.0,4,3,4.0,,1,1.0
30.0,No,Travel_Rarely,1465.0,Research & Development,1.0,3,Medical,1,1241,4,Male,63.0,3,1,Research Scientist,2,Married,3579.0,9369.0,0,Y, Yes ,21,4,1,80,1,,2,3,11.0,9.0,5,7.0
42.0,No,Travel_Frequently,458.0,Research & Development,26.0,5,,1,1242,1,Female,60.0,3,3,Research Director,1,Married,13191.0,23281.0,3,Y,Yes,17,3,3,80,0,20.0,6,3,1.0,0.0,0,0.0
35.0,No,Non-Travel,1212.0,Sales,8.0,2,Marketing,1,1243,3,Female,78.0,2,3,Sales Executive,4,MARRIED,,13755.0,4,Y,YES,11,3,2,80,1,16.0,6,2,-2.0,,4,12.0
27.0,No,Travel_Rarely,1103.0,Research and Development,14.0,3,Life Sciences,1,1244,1,Male,42.0,3,1,Research Scientist,1,Married,2235.0,14377.0,1,Y,Yes,14,3,4,80,2,9.0,3,2,9.0,7.0,6,8.0
54.0,No,Travel_Frequently,966.0,Research & Development,1.0,4,Life Sciences,1,1245,4,Female,53.0,3,3,Manufacturing Director,3,Divorced,10502.0,9659.0,7,Y,No,0,3,1,80,1,33.0,2,1,5.0,4.0,1,4.0
44.0,No,Travel_Rarely,1117.0,Research & Development,2.0,1,Life Sciences,1,1246,1,Female,72.0,4,1,Research Scientist,4,Married,2011.0,19982.0,1,Y,No,13,3,4,80,1,10.0,5,3,10.0,,7,7.0
19.0,Yes,Non-Travel,504.0,Research & Development,10.0,3,Medical,1,1248,1,Female,96.0,2,1,Research Scientist,2,Single,1859.0,6148.0,1,Y,Yes,25,4,2,80,0,1.0,2,4,1.0,1.0,0,0.0
29.0,No,Travel_Rarely,1010.0,Research & Development,1.0,3,Life Sciences,1,1249,1,Female,97.0,3,1,Research scientist,4,Divorced,3760.0,5598.0,1,Y,No,15,3,1,80,3,3.0,5,3,3.0,2.0,1,2.0
54.0,No,Travel_Rarely,685.0,Research & Development,3.0,3,Life Sciences,1,1250,4,Male,85.0,3,4,Research Director,4,MARRIED,17779.0,23474.0,3,Y,No,14,3,1,80,0,36.0,2,3,10.0,9.0,0,9.0
31.0,No,Travel_Rarely,1332.0,Research & Development,11.0,2,Medical,1,1251,3,Male,-10.0,3,2,Healthcare representative,1,Married,6833.0,17089.0,1,Y,Yes,12,3,4,80,0,6.0,2,2,6.0,5.0,0,1.0
31.0,No,Travel_Rarely,1062.0,Research & Development,24.0,3,Medical,1,1252,3,Female,96.0,2,2,Healthcare Representative,1,Single,6812.0,17198.0,1,Y,No,19,3,2,80,0,10.0,2,3,10.0,9.0,1,8.0
59.0,No,Travel_Rarely,326.0,Sales,3.0,3,Life Sciences,1,1254,3,Female,48.0,2,2,sales executive,4,Single,5171.0,,5,Y,no,17,3,4,80,0,13.0,2,3,6.0,1.0,0,5.0
43.0,No,Travel_Rarely,920.0,Research & Development,3.0,3,Life Sciences,1,1255,3,Male,96.0,1,5,Research Director,4,Married,19740.0,35000.0,3,Y,No,14,3,2,80,1,25.0,2,3,8.0,7.0,0,7.0
49.0,No,Travel_Rarely,1098.0,Research & Development,4.0,2,Medical,1,1256,1,Male,85.0,2,5,Manager,3,Married,18711.0,12124.0,2,Y,no,13,3,3,80,1,23.0,2,4,1.0,0.0,0,0.0
36.0,No,Travel_Frequently,469.0,Research & Development,3.0,3,Technical Degree,1,1257,3,Male,,3,1,Research Scientist,2,Married,3692.0,9256.0,1,Y,No,12,3,3,80,0,12.0,2,2,11.0,10.0,0,7.0
48.0,No,travel_rarely,969.0,Research & Development,,2,Technical Degree,1,1258,4,Male,76.0,4,1,Laboratory Technician,2,Single,2559.0,16620.0,5,Y,No,11,3,3,80,0,7.0,4,2,1.0,0.0,0,0.0
27.0,No,Travel_Rarely,1167.0,Research & Development,4.0,2,,1,1259,1,male,76.0,3,1,Research Scientist,3,Divorced,2517.0,3208.0,1,Y,No,11,3,2,80,3,5.0,2,3,5.0,,0,3.0
29.0,No,Travel_Rarely,1329.0,Research & Development,7.0,3,Life Sciences,1,1260,3,Male,82.0,3,2,Healthcare Representative,4,Divorced,6623.0,35000.0,1,Y,Yes,11,3,2,80,2,6.0,2,3,6.0,0.0,1,0.0
48.0,No,Travel_Rarely,715.0,Research & Development,1.0,3,Life Sciences,1,1263,4,Male,76.0,2,5,Research Director,4,,18265.0,8733.0,6,Y,No,12,3,3,80,0,25.0,3,4,1.0,0.0,0,25.0
29.0,No,Travel_Rarely,694.0,Research & Development,1.0,3,Life Sciences,1,1264,4,Female,87.0,2,4,Research Director,4,Divorced,16124.0,3423.0,3,Y,No,14,3,2,80,2,9.0,2,2,7.0,7.0,1,7.0
34.0,No,Travel_Rarely,1320.0,Research & Development,20.0,3,Technical Degree,1,1265,3,FEMALE,89.0,4,1,Research Scientist,3,Married,2585.0,21643.0,0,Y,No,17,3,4,80,0,2.0,5,2,1.0,0.0,-1,0.0
,No ,Travel_Rarely,1099.0,Sales,5.0,3,Marketing,1,1267,2,Male,88.0,3,5,Manager,2,Married,18213.0,8751.0,7,Y,No,11,3,3,80,1,26.0,5,3,22.0,9.0,3,10.0
33.0,,Travel_Rarely,536.0, Sales ,10.0,5,Marketing,1,1268,4,Male,82.0,4,3,Sales Executive,3,,8380.0,21708.0,0,Y,Yes,14,3,4,80,2,10.0,3,3,9.0,,0,8.0
19.0,No,Travel_Rarely,265.0,Research & Development,25.0,3,Life Sciences,1,1269,2,Female,57.0,4,1,Research scientist,4,Single,2994.0,21221.0,1,Y,Yes,12,3,4,80,0,1.0,2,3,1.0,0.0,0,1.0
23.0,No,,,Research & Development,1.0,2,Life Sciences,1,1270,4,Male,47.0,3,1,Research scientist,3,Married,,16901.0,1,Y,No,22,4,4,80,1,1.0,2,3,1.0,0.0,0,1.0
25.0, YES,Travel_Frequently,599.0,Sales,24.0,1,Life Sciences,1,1273,3,Male,,1,1,Sales representative,4,Single,1118.0,8040.0,1,Y,Yes,14,3,4,80,0,1.0,4,3,1.0,0.0,1,0.0
26.0,No,Travel_Rarely,583.0,Research & Development,4.0,2,Life Sciences,1,1275,3,Male,53.0,3,1,Research Scientist,4,Single,2875.0,9973.0,1,Y,Yes,20,4,2,80,0,8.0,2,2,8.0,5.0,2,
45.0,Yes,Travel Rarely,1449.0,Sales,2.0,3,Marketing,1,1277,1,Female,94.0,1,5,Manager,2,Single,18824.0,2493.0,2,Y,Yes,16,3,5,80,0,26.0,2,3,24.0,10.0,1,11.0
55.0,No,Non-Travel,177.0,Research & Development,8.0,1,Medical,1,1278,4,Male,37.0,2,4,Healthcare Representative,2,Divorced,13577.0,25592.0,1,Y,Yes,15,3,4,80,1,34.0,3,3,33.0,9.0,15,0.0
21.0,Yes,Travel_Frequently,251.0,Research & Development,10.0,2,Life Sciences,1,1279,1, Female ,45.0,2,1,Laboratory technician ,3,Single,2625.0,25308.0,1,Y,No,20,4,3,80,0,2.0,2,1,2.0,2.0,2,2.0
,No,Travel_Rarely,168.0,Sales,4.0,2,Marketing,1,1280,4,Female,33.0,2,5,Manager,2,Married,,9946.0,2,Y,No,14,3,3,80,1,26.0,2,3,11.0,4.0,0,8.0
34.0,No,Travel_Rarely,131.0,sales,2.0,3,MARKETING,1,1281,3,Female,86.0,3,2,Sales Executive,1,Single,4538.0,6039.0,0,Y,Yes,12,3,4,80,0,4.0,-1,3,3.0,2.0,0,2.0
51.0,No,Travel_Frequently,237.0,Sales,9.0,3,Life Sciences,1,1282,4,Male,83.0,3,5,Manager,2,Divorced,19847.0,19196.0,4,Y,Yes,24,4,1,80,1,31.0,5,2,29.0,10.0,11,10.0
59.0,No,Travel_Rarely,1429.0,Research & Development,,4, Medical ,1,1283,4,Male,67.0,3,3,Manufacturing Director,4,Single,10512.0,20002.0,6,Y,No,12,3,4,80,0,25.0,6,2,9.0,7.0,5,4.0
34.0,No,Travel_Frequently,135.0,Research & development ,19.0,3,Medical,1,1285,3,Female,46.0,3,2,Laboratory Technician,2,Divorced,4444.0,22534.0,4,Y,No,13,3,3,80,2,,2,4,11.0,8.0,5,10.0
28.0,No,Travel_Frequently,791.0,Research & Development,1.0,4,Medical,1,1286,4,Male,44.0,3,1,Laboratory Technician,3,Single,2154.0,6842.0,0,Y,Yes,11,3,3,80,0,5.0,2,2,4.0,2.0,0,2.0
44.0,No,Travel_Rarely,1199.0,research & development,4.0,2,life sciences,1,1288,3,male,92.0,4,5, manager ,1,Divorced,19190.0,,1,Y,No,14,3,4,80,2,26.0,4,2,25.0,9.0,14,13.0
34.0,No,Travel_Frequently,648.0,Human Resources,11.0,3,Life Sciences,1,1289,3,male,56.0,2,2,Human Resources,2,,4490.0,21833.0,4,Y,,11,3,4,80,2,14.0,5,4,10.0,9.0,1,8.0
35.0,No,Travel_Rarely,735.0,Research & Development,6.0,1,Life Sciences,1,1291,3,Male,66.0,3,1,Research Scientist,3,Married,3506.0,6020.0,0,Y,Yes,14,3,4,80,0,4.0,3,3,3.0,2.0,2,2.0
42.0,No,Travel_Rarely,603.0,Research & Development,7.0,4,Medical,1,1292,2,Female,78.0,4,2,Research Scientist,2,Married,2372.0,5628.0,6,Y,Yes,16,3,4,80,0,18.0,2,3,1.0,0.0,0,0.0
43.0, NO,Travel_Rarely,531.0,Sales,4.0,4,Marketing,1,1293,4,Female,56.0,2,3,Sales Executive,4,Single,10231.0,,3,Y,No,14,3,4,80,0,23.0,3,4,21.0,7.0,15,17.0
36.0,No,Travel_Rarely,429.0,Research & Development,2.0,4,Life Sciences,1,1294,3,Female,53.0,3,2,Manufacturing Director,2, Single ,5410.0,2323.0,9,Y,Yes,11,3,4,80,0,18.0,2,3,16.0,14.0,5,
44.0,Yes,travel_rarely,621.0,Research & Development,15.0,3,Medical,1,1295,1,Female,73.0,3,3,Healthcare Representative,4,Married,7978.0,14075.0,1,Y,NO,11,3,4,80,1,10.0,2,3,10.0,7.0,0,5.0
28.0,No,Travel_Frequently,193.0,research & development,2.0,3,Life Sciences,1,1296,4,Male,52.0,2,1,Laboratory Technician,4,Married,3867.0,14222.0,1,Y,Yes,12,3,2,80,1,2.0,2,3,,2.0,2,2.0
51.0,No,Travel_Frequently,968.0,Research & Development,6.0,2,Medical,1,1297,2,Female,40.0,2,1,Laboratory Technician,3,Single,2838.0,4257.0,0,Y,No,14,3,2,80,0,8.0,6,2,7.0,0.0,7,7.0
30.0,No,Non-Travel,,Research & Development,9.0,2,Medical,1,1298,3,Female,72.0,3,2,MANUFACTURING DIRECTOR,3,Single,4695.0,12858.0,7,Y,Yes,18,3,3,80,4,10.0,3,3,8.0,4.0,1,7.0
29.0, YES,Travel_Rarely,806.0,,7.0,3,,1,1299,2,FEMALE,39.0,3,1,Laboratory Technician,3,Divorced,3339.0,17285.0,3,Y,Yes,13,3,1,80,2,10.0,2,3,7.0,7.0,7,7.0
28.0,No,Travel_Rarely,640.0,research & development,1.0,3,Technical Degree,1,1301,4,Male,,3,1,Research Scientist,1,Single,2080.0,4732.0,2,Y,No,11,5,2,80,0,5.0,2,2,3.0,2.0,1,2.0
25.0,No,Travel_Rarely,266.0,Research & Development,1.0,3, Medical ,1,1303,4,Female,40.0,3,1,Research Scientist,2,Single,2096.0,18830.0,1,Y, No ,18,3,4,80,0,2.0,3,2,2.0,2.0,2,1.0
32.0,No,Travel_Rarely,604.0,,8.0,3,Medical,1,1304,3,Male,56.0,4,2,Sales Executive,4,Married,6209.0,11693.0,1,Y,No,15,3,3,80,2,10.0,4,4,10.0,7.0,0,8.0
45.0,No,Travel_Frequently,364.0,,25.0,3,Medical,1,1306,2,Female,83.0,3,5, manager ,2,Single,18061.0,13035.0,3,Y,No,22,4,3,80,0,22.0,4,3,0.0,0.0,0,0.0
39.0,No,Travel_Rarely,412.0,Research & Development,13.0,4,Medical,1,1307,3,Female,94.0,2,4,Manager,2,Divorced,17123.0,17334.0,6,Y,Yes,13,3,4,80,2,21.0,4,3,19.0,9.0,15,2.0
58.0,No,travel_rarely,848.0,Research and Development,,4,Life Sciences,1,1308,1,Male,88.0,3,1,Research Scientist,3,,2372.0,26076.0,1,Y,No,12,3,4,80,2,2.0,3,3,2.0,,2,
32.0,Yes,Travel_Rarely,,Research & Development,7.0,2,life sciences,1,1309,4,Male,79.0,3,2,Laboratory Technician,3,Married,4883.0,22845.0,1,Y,No,18,3,1,80,1,10.0,3,3,10.0,-1.0,1,1.0
39.0,Yes,Travel_Rarely,360.0,Research & Development,23.0,3,Medical,1,1310,3,Male,93.0,3,1,Research Scientist,1,Single,3904.0,,0,Y,No,13,3,1,80,0,6.0,2,3,5.0,2.0,0,3.0
30.0,No,Travel_Rarely,1138.0,research & development,6.0,3,Technical Degree,1,1311,5,Female,48.0,0,2,Laboratory Technician,4,Married,4627.0,23631.0,0,Y,No,12,3,1,80,1,10.0,6,3,9.0,2.0,6,7.0
36.0,No,Travel_Rarely,325.0,Research & Development,10.0,4,Technical Degree,1,1312,4,Female,63.0,3,3,Healthcare representative,3,Married,7094.0,5747.0,3,Y,No,12,3,1,80,0,10.0,0,3,7.0,7.0,1,7.0
46.0,No ,Travel_Rarely,991.0,Human Resources,1.0,2,Life Sciences,1,1314,4,Female,44.0,3,1,human resources,1,Single,3423.0,22957.0,6,Y,No,12,3,3,80,0,10.0,3,4,7.0,6.0,5,7.0
28.0,No,Non-Travel,1476.0,Research & Development,,3,Life Sciences,1,1315,3,Female,55.0,1,2,,4,Married,25000.0,16392.0,0,Y,No,11,3,1,80,3,10.0,6,3,9.0,8.0,7,5.0
50.0,No,Travel Rarely,1322.0,Research & Development,28.0,3,Life Sciences,1,1317,4,Female,43.0,3,4,Research Director,1,Married,16880.0,,12,Y, Yes ,11,5,2,80,0,25.0,2,3,3.0,2.0,1,2.0
40.0,Yes,Travel_Rarely,299.0,Sales,25.0,4,Marketing,1,1318,4,Male,57.0,2,3,sales executive,2,Single,9094.0,17235.0,2,Y,Yes,12,3,3,80,0,9.0,2,3,5.0,4.0,1,0.0
52.0,Yes,Travel_Rarely,1030.0,Sales,5.0,3,Life Sciences,1,1319,2, Male ,64.0,3,3,Sales Executive,2,Single,8446.0,21534.0,9,Y, Yes ,19,3,3,80,0,10.0,2,2,8.0,,7,7.0
30.0,No,Travel_Rarely,634.0,Research & Development,17.0,4,Medical,1,1321,2,Female,95.0,3,3,,1,Married,11916.0,25927.0,1,Y,Yes,23,4,4,80,2,,2,3,9.0,1.0,0,8.0
65.0,No,Travel_Rarely,524.0,,18.0,2,Life Sciences,1,1322,1,Male,32.0,3,2,Manufacturing Director,3,Single,4534.0,13352.0,0,Y,No,11,3,1,80,0,9.0,6,3,8.0,7.0,1,7.0
31.0,No,Non-Travel,587.0,sales,2.0,4,Life Sciences,1,1324,4,Female,57.0,3,3,Sales Executive,3,Divorced,9852.0,8935.0,1,Y,Yes,19,3,1,80,1,10.0,5,2,10.0,8.0,9,6.0
41.0,No,,256.0,Sales,10.0,2,Medical,1,1329,3,Male,40.0,1,2,sales executive,2,Single,6151.0,22074.0,1,Y,No,13,3,1,80,0,19.0,4,3,19.0,2.0,11,9.0
31.0,Yes,Travel_Frequently,1060.0,Sales,1.0,3,Life Sciences,1,1331,4,FEMALE,54.0,3,1,Sales Representative,2,Single,2302.0,8319.0,1,Y,Yes,11,3,1,80,0,3.0,2,4,3.0,2.0,2,2.0
44.0,Yes,Travel_Rarely,935.0,research & development,,3,life sciences,1,1333,1,Male,89.0,3,0,Laboratory Technician,1,Married,2362.0,14669.0,4,Y,No,12,3,3,80,0,10.0,4,4,3.0,2.0,1,2.0
42.0,No,Non-Travel,495.0,Research & Development,2.0,1,Life Sciences,1,1334,3,Male,,3,4,Manager,3,Married,17861.0,26582.0,0,Y,Yes,13,3,4,80,0,21.0,3,2,20.0,8.0,2,10.0
55.0,No,Travel_Rarely,282.0,Research & Development,2.0,2,Medical,1,1336,4,Female,58.0,1,5, manager ,3,Married,19187.0,6992.0,4,Y,No,14,3,4,80,1,23.0,5,3,19.0,,9,11.0
56.0,No,Travel_Rarely,206.0,Human Resources,8.0,4,Life Sciences,1,1338,4,Male,,3,5,Manager,2,Single,19717.0,4022.0,6,Y,No,14,3,1,80,0,36.0,4,3,,3.0,7,7.0
40.0,No,Non-Travel,458.0,Research & Development,16.0,2,Life Sciences,1,1340,3,Male,74.0,3,1,Research Scientist,3,Divorced,3544.0,8532.0,9,Y,no,16,3,2,80,1,6.0,0,3,4.0,2.0,0,0.0
34.0,No,Travel_Rarely,943.0,Research & Development,9.0,3,Life Sciences,1,1344,4,Male,86.0,3,3,Healthcare Representative,4,Divorced,,5494.0,0,Y,No,11,3,4,80,1,10.0,0,2,9.0,7.0,1,6.0
40.0,No,Travel_Rarely,523.0,Research & Development,2.0,3,Life Sciences,1,1346,3,Male,98.0,3,2,Research Scientist,4,Single,4661.0,22455.0,1,Y,No,13,3,3,80,0,9.0,4,3,9.0,8.0,8,
41.0,No,Travel_Frequently,1018.0,Sales,1.0,3,Marketing,1,1349,3,Female,66.0,3,2,Sales Executive,1, Divorced ,4103.0,4297.0,0,Y,No,17,3,4,80,1,10.0,2,3,9.0,3.0,1,7.0
35.0,No,Travel_Frequently,482.0,Research & Development,4.0,4,Life Sciences,1,1350,3,Male,87.0,3,2,Research Scientist,3,Single,4249.0,2690.0,1,Y,Yes,11,3,2,80,0,9.0,3,3,9.0,6.0,1,1.0
51.0,No,Travel_Rarely,770.0, Human Resources ,5.0,0,Life Sciences,1,1352,3,Male,84.0,3,4,Manager,2, Divorced ,14026.0,17588.0,1,Y,Yes,11,3,2,80,1,33.0,2,3,33.0,9.0,0,10.0
38.0,No,Travel_Rarely,1009.0,Sales,2.0,2,,1,1355,2, Female ,31.0,3,2,,1,Divorced,6893.0,19461.0,3,Y,No,15,3,4,80,1,11.0,3,3,7.0,7.0,1,
34.0,no,Travel_Rarely,507.0,Sales,15.0,2, Medical ,1,1356,3,,66.0,3,2,Sales Executive,1,,6125.0,23553.0,1,Y,No,12,3,4,80,0,10.0,6,4,10.0,8.0,9,6.0
25.0,No,Travel_Rarely,882.0,Research & development ,19.0,1,Medical,1,1358,4,Male,67.0,3,1,Laboratory technician ,4,Married,3669.0,9075.0,3,Y,No,11,3,3,80,3,7.0,6,2,3.0,2.0,1,2.0
58.0,Yes,Travel_Rarely,601.0,Research & Development,7.0,4, Medical ,1,1360,3,Female,53.0,2,3,Manufacturing Director,1,Married,10008.0,12023.0,7,Y,,14,3,4,80,0,31.0,0,0,10.0,9.0,5,9.0
40.0,No,Travel_Rarely,329.0,Research & Development,1.0,4,Life Sciences,1,1361,2,Male,150.0,3,1,Laboratory Technician,2,Married,,6762.0,3,Y,No,22,4,3,80,1,7.0,3,3,4.0,2.0,0,3.0
36.0,no,Travel_Frequently,607.0,Sales,7.0,3,Marketing,1,1362,1,Female,83.0,4,2,Sales Executive,1,Married,4639.0,2261.0,2,Y,No,16,3,4,80,1,17.0,2,2,15.0,7.0,6,13.0
48.0,No,Travel_Rarely,855.0,Research & Development,4.0,3,Life Sciences,1,1363,4,Male,54.0,3,3,Manufacturing Director,4,Single,7898.0,18706.0,1,Y,,11,3,3,80,0,11.0,2,3,10.0,9.0,0,8.0
27.0, NO,Travel_Rarely,1291.0,Sales,11.0,3,Medical,1,1364,3,Female,98.0,4,1,Sales Representative,4,Married,2534.0,6527.0,8,Y,No,14,3,2,80,1,5.0,4,3,1.0,0.0,0,0.0
51.0,No,Travel_Rarely,1405.0,Research & Development,11.0,2,Technical Degree,1,1367,4,Female,82.0,2,4,Manufacturing Director,2,Single,13142.0,24439.0,3,Y,No,16,3,2,80,0,29.0,1,2,5.0,2.0,0,3.0
18.0,No,Non-Travel,1124.0,Research & Development,1.0,3,Life Sciences,1,1368,4,Female,97.0,3,1,Laboratory Technician,4,Single,1611.0,19305.0,1,Y,No,15,3,3,80,0,0.0,5,4,0.0,0.0,0,0.0
35.0,No,Travel_Rarely,817.0,Research & Development,1.0,3, Medical ,1,1369,4,Female,60.0,2,2,Laboratory Technician,4,Married,5363.0,10846.0,0,Y,,12,3,2,80,1,10.0,0,3,9.0,7.0,0,0.0
27.0,No,Travel_Frequently,793.0,,2.0,1,Life Sciences,1,1371,4,Male,43.0,1,2,Sales Executive,4, Single ,5071.0,20392.0,3,Y,No,20,4,2,80,0,8.0,3,3,6.0,2.0,0,0.0
55.0,Yes,Travel_Rarely,267.0,Sales,13.0,4,Marketing,1,1372,1,Male,85.0,4,4,Sales Executive,3, Single ,13695.0,9277.0,6,Y,Yes,17,3,3,80,0,24.0,2,2,19.0,7.0,3,8.0
56.0,no,Travel_Rarely,1369.0,Research & Development,23.0,3,Life Sciences,1,1373,4,Male,68.0,3,4,Manufacturing Director,2, Married ,13402.0,18235.0,4,Y,Yes,12,3,1,80,1,33.0,0,3,19.0,16.0,15,9.0
34.0,No,Non-Travel,999.0,Research & Development,26.0,1,Technical Degree,1,1374,1,Female,92.0,2,1,Research Scientist,3, Divorced ,2029.0,15891.0,1,Y,No,20,4,3,80,3,,2,3,5.0,4.0,0,0.0
40.0,No,,1202.0,,2.0,1,Medical,1,1375,2,Female,89.0,4,2,Healthcare Representative,3,Divorced,,13888.0,5,Y, No ,20,4,2,80,3,15.0,0,3,12.0,11.0,11,8.0
,No,Travel_Rarely,285.0,Research & Development,29.0,3,Medical,1,1377,2,Male,86.0,3,2,Laboratory Technician,3, Married ,5429.0,17491.0,4,Y,No,13,3,1,80,2,10.0,1,3,8.0,7.0,7,7.0
,Yes,travel_frequently,703.0,Sales,2.0,3,Life Sciences,1,1379,3,female,90.0,2,1,Sales Representative,4,Single,2785.0,11882.0,7,Y,No,14,3,3,80,0,3.0,3,4,,,0,0.0
35.0,Yes,Travel_Frequently,662.0,Sales,18.0,4,Marketing,1,1380,4,Female,67.0,3,2,Sales Executive,3,Married,4614.0,23288.0,0,Y,Yes,18,3,3,80,1,5.0,0,2,4.0,2.0,3,2.0
38.0,No,Travel_Frequently,693.0,Research & Development,7.0,3,Life Sciences,1,1382,4, Male ,57.0,4,1,Research Scientist,3,Divorced,,15748.0,1,Y,,11,3,4,80,3,4.0,2,3,4.0,2.0,0,3.0
34.0,No,Travel_Rarely,404.0,Research & Development,2.0,4,Technical Degree,1,1383,3,Female,98.0,3,2,Healthcare Representative,4,Single,6687.0,6163.0,1,Y,No,11,3,4,80,0,14.0,2,4,14.0,11.0,4,11.0
28.0,No,Travel_Rarely,736.0,Sales,26.0,3,Life Sciences,1,1387,3,Male,48.0,2,2,Sales Executive,1,Married,4724.0,24232.0,1,Y,No,11,3,3,80,1,5.0,0,3,5.0,3.0,0,4.0
31.0,Yes,Travel_Rarely,330.0,Research & Development,22.0,4,Medical,1,1389,4,Male,98.0,3,2,Manufacturing Director,3,Married,6179.0,21057.0,1,Y, Yes ,15,3,4,80,2,10.0,3,2,50.0,2.0,6,7.0
39.0,No,Travel_Rarely,,Sales,21.0,4,Life Sciences,1,1390,1,Male,44.0,2,2,sales executive,4,Married,6120.0,3567.0,3,Y,Yes,12,5,4,80,2,8.0,2,5,5.0,4.0,1,4.0
51.0,No,Travel_Frequently,541.0,Sales,2.0,3,Marketing,1,1391,2,Male,52.0,3,3,Sales Executive,2, Married ,10596.0,15395.0,2,Y,No,11,3,2,80,0,14.0,5,3,4.0,2.0,3,2.0
41.0,No,Travel_Frequently,1200.0,Research & Development,22.0,3,life sciences,1,1392,4,Female,75.0,3,2,Research scientist,4,Divorced,5467.0,13953.0,3,Y,Yes,14,3,1,80,2,12.0,4,2,6.0,2.0,3,3.0
37.0,No,Travel_Rarely,1439.0,Research & Development,4.0,1,Life Sciences,1,1394,3,Male,54.0,3,1,Research Scientist,3,Married,2996.0,5182.0,7,Y,Yes,15,3,4,80,0,8.0,2,3,6.0,4.0,1,3.0
33.0,No,Travel_Frequently,1111.0,Sales,5.0,1,Life Sciences,1,1395,2,Male,61.0,3,2,Sales Executive,4,,9998.0,19293.0,6,Y,No,13,3,1,80,0,8.0,2,4,5.0,4.0,1,2.0
32.0,No,Travel_Rarely,499.0,Sales,2.0,1,Marketing,1,1396,3,Male,36.0,3,2,Sales Executive,2,Married,4078.0,20497.0,0,Y,Yes,13,3,1,80,3,4.0,3,2,3.0,2.0,1,2.0
39.0,No,Non-Travel,1485.0,Research & Development,25.0,2,Life Sciences,1,1397,3,Male,71.0,3,3,Healthcare Representative,3,Married,10920.0,3449.0,3,Y, No ,21,4,2,80,1,13.0,2,3,,4.0,0,5.0
25.0,No,Travel_Rarely,1372.0,Sales,18.0,1,Life Sciences,1,1399,1, Male ,93.0,4,2,Sales Executive,3,Married,6232.0,12477.0,2,Y,No,11,3,2,80,0,6.0,3,2,3.0,2.0,1,2.0
52.0,No,Travel_Frequently,,Research & Development,28.0,2,Medical,1,1401,4,Female,59.0,4,4,Manufacturing Director,3,Married,13247.0,9731.0,2,Y,Yes,11,3,2,80,1,24.0,3,2,5.0,3.0,0,2.0
,No,Travel_Rarely,930.0,Research & Development,6.0,3,Medical,1,1402,1,Female,73.0,2,2,Research Scientist,3,Single,4081.0,20003.0,1,Y,Yes,14,3,0,80,0,20.0,3,1,20.0,7.0,1,8.0
27.0,No,Travel_Rarely,205.0, Sales ,10.0,3,Marketing,1,1403,4,Female,98.0,2,2,Sales Executive,4,Married,,7100.0,1,Y,Yes,11,3,4,80,0,6.0,3,3,6.0,2.0,4,4.0
27.0,Yes,Travel_Rarely,135.0,Research & Development,17.0,4,Life Sciences,1,1405,4,Female,51.0,3,1,Research Scientist,3,Single,2394.0,25681.0,1,Y,Yes,13,3,4,80,0,8.0,2,3,8.0,2.0,7,7.0
26.0,No,Travel_Rarely,683.0,Research & Development,2.0,1,Medical,1,1407,1,Male,36.0,0,1,Research Scientist,4,single,3904.0,4050.0,0,Y,No,12,3,4,80,0,5.0,2,3,4.0,3.0,1,1.0
42.0,No,Travel_Rarely,,Human Resources,10.0,3,Human Resources,1,1408,3,Female,31.0,3,4,Manager,1,Married,16799.0,16616.0,0,Y,No,14,3,3,80,1,21.0,5,3,20.0,7.0,0,
52.0,No,Travel Rarely,258.0,Research & Development,8.0,4,Other,1,1409,3,Female,54.0,3,1,Laboratory Technician,1,Married,2950.0,17363.0,9,Y,No,13,3,3,80,0,12.0,2,1,5.0,4.0,0,4.0
37.0,,Travel_Rarely,1462.0,Research & Development,11.0,3,Medical,1,1411,1,Female,94.0,3,1,Laboratory Technician,3,Single,3629.0,,4,Y,No,18,2,1,80,0,8.0,6,3,3.0,2.0,0,2.0
35.0,No,Travel_Frequently,200.0,Research & Development,18.0,2,Life Sciences,1,1412,3,Male,60.0,3,3,Manufacturing Director,4,Single,9362.0,19944.0,2,Y,No,11,3,3,80,0,10.0,2,3,2.0,2.0,2,2.0
25.0,No,Travel_Rarely,949.0,research & development,1.0,3,Technical Degree,1,1415,1,Male,81.0,3,1,Laboratory Technician,4,Married,3229.0,4910.0,4,Y,no,11,3,2,80,1,7.0,2,2,3.0,2.0,0,2.0
26.0,No,Travel_Rarely,652.0,Research & Development,7.0,3,Other,1,1417,3,Male,100.0,4,1,Laboratory Technician,1,Single,3578.0,23577.0,0,Y,No,12,3,4,80,0,8.0,2,3,,7.0,0,7.0
29.0,No,Travel Rarely,332.0,Human Resources,17.0,3,Other,1,1419,2,Male,51.0,2,3,Human Resources,1,,7988.0,9769.0,1,Y, No ,13,3,1,80,0,10.0,3,2,10.0,9.0,0,9.0
49.0,Yes,Travel_Frequently,1475.0,Research & Development,28.0,2,Life Sciences,1,1420,1,Male,97.0,2,2,Laboratory Technician,1,Single,4284.0,22710.0,3,Y,No,20,4,1,80,0,20.0,2,3,4.0,,1,3.0
29.0,Yes,Travel_Frequently,337.0,Research and Development,14.0,1,Other,1,1421,3,Female,84.0,3,3,Healthcare Representative,4,Single,7553.0,22930.0,0,Y,Yes,12,3,1,80,0,,1,3,8.0,7.0,7,7.0
,No,Travel_Rarely,971.0,Research & Development,1.0,3,Medical,1,1422,4,Female,54.0,3,4,Research Director,4,Single,17328.0,,6,Y,No,19,3,0,80,0,29.0,3,2,20.0,7.0,12,7.0
58.0,No,Travel_Rarely,1055.0,Research & Development,1.0,3,Medical,1,1423,4,Female,76.0,3,5,Research Director,1, Married ,19701.0,22456.0,3,Y,Yes,21,4,3,80,1,32.0,3,3,9.0,8.0,1,
55.0,No,Travel_Rarely,1136.0,Research & Development,1.0,4,Medical,1,1424,2,Male,81.0,4,4,Research Director,4,Divorced,14732.0,12414.0,2,Y,No,13,3,4,80,2,31.0,4,4,7.0,7.0,0,0.0
36.0,No,Travel_Rarely,1174.0,Sales,3.0,4,Marketing,1,1425,1,Female,99.0,3,2,Sales Executive,2,Single,9278.0,20763.0,3,Y,Yes,16,3,4,80,0,15.0,3,3,,-1.0,0,1.0
31.0,Yes,,667.0,Sales,1.0,4,Life Sciences,1,1427,2,Female,50.0,1,1,Sales Representative,3,Single,1359.0,16154.0,1,Y, No ,12,3,2,80,0,1.0,3,3,1.0,0.0,0,0.0
,No,Travel_Rarely,855.0,SALES,7.0,4,Marketing,1,1428,4,Female,73.0,3,2,Sales Executive,1, Divorced ,4779.0,12761.0,7,Y,No,14,3,2,80,2,8.0,3,3,3.0,2.0,0,2.0
31.0,No,Travel_Rarely,182.0,Research & Development,8.0,5,life sciences,1,1430,1,Female,93.0,3,4,Research Director,2,Single,16422.0,8847.0,3,Y,No,11,3,3,80,0,,3,4,3.0,2.0,1,0.0
34.0,No, Travel_Frequently ,560.0,Research & Development,1.0,4,Other,1,1431,4,male,91.0,3,1,Research Scientist,1,Divorced,-500.0,20284.0,5,Y,No,14,3,3,80,2,10.0,2,3,4.0,3.0,1,3.0
31.0,Yes,Travel_Rarely,202.0,Research & Development,8.0,3,Life Sciences,1,1433,1,Female,34.0,2,1,Research Scientist,2,,1261.0,22262.0,1,Y,No,12,3,3,80,0,,3,4,1.0,0.0,0,0.0
27.0,No,Travel_Rarely,1377.0,Research & Development,11.0,1,Life Sciences,1,1434,2,Male,91.0,3,1,Laboratory Technician,1,MARRIED,2099.0,7679.0,0,Y,No,14,3,2,80,0,6.0,3,4,5.0,0.0,1,4.0
36.0,No,Travel_Rarely,,Research & Development,4.0,4,Life Sciences,1,1435,1,Male,37.0,2,2,,4,Single,5810.0,22604.0,1,Y,No,16,3,3,80,0,10.0,2,2,10.0,4.0,1,8.0
36.0,No,Travel_Rarely,329.0,Sales,16.0,4,MARKETING,1,1436,3,Female,98.0,2,2,sales executive,1,Married,5647.0,13494.0,4,Y,No,13,3,1,80,2,60.0,3,2,3.0,2.0,0,2.0
47.0,No,Travel_Rarely,465.0,Research & Development,1.0,3,Technical Degree,1,1438,1,Male,74.0,3,1,Research Scientist,4,Married,3420.0,10205.0,7,Y,No,12,3,3,80,1,,2,2,,5.0,1,2.0
25.0,Yes,Travel_Rarely,383.0,Sales,9.0,2,Life Sciences,1,1439,1,MALE,68.0,2,1,Sales Representative,1,married,4400.0,15182.0,3,Y,No,12,3,1,80,0,6.0,2,3,3.0,2.0,2,
37.0,No,Non-Travel,1413.0,research & development,5.0,2,Technical Degree,1,1440,3,Male,84.0,4,1,Laboratory Technician,3,Single,3500.0,,0,Y,No,14,3,1,80,0,7.0,2,1,6.0,5.0,1,3.0
56.0,No,Travel_Rarely,1255.0,Research & Development,1.0,2,Life Sciences,1,1441,1,Female,90.0,3,1,Research Scientist,1,Married,2066.0,10494.0,2,Y,No,22,4,4,80,1,5.0,3,4,3.0,,1,0.0
47.0,No,,,,2.0,4,Medical,1,1443,1,Female,82.0,3,4,research director,3,Married,17169.0,26703.0,3,Y,No,19,3,2,80,2,26.0,2,4,20.0,17.0,5,6.0
24.0,No,Travel_Rarely,1476.0,Sales,4.0,1,Medical,1,1445,4,Female,42.0,3,2,Sales Executive,3,Married,4162.0,15211.0,1,Y,Yes,12,3,3,80,2,5.0,3,3,5.0,4.0,0,3.0
32.0,No,Travel_Rarely,601.0,Sales,7.0,5,Marketing,1,1446,4,Male,97.0,3,2,Sales Executive,4,Married,9204.0,23343.0,4,Y,No,12,3,3,80,1,7.0,3,2,4.0,3.0,0,3.0
34.0,No,Travel_Rarely,401.0,Research & Development,1.0,3,Life Sciences,1,1447,4,Female,86.0,2,1,Laboratory Technician,2,Married,3294.0,3708.0,5,Y,No,17,3,1,80,1,7.0,2,2,5.0,4.0,0,2.0
41.0,No,Travel_Rarely,1283.0,Research & Development,5.0,5,Medical,1,1448,2,Male,90.0,4,1,Research Scientist,3,Married,2127.0,5561.0,2,Y,Yes,12,3,1,80,0,7.0,-1,2,4.0,2.0,0,3.0
40.0,No,Non-Travel,663.0,Research & Development,9.0,4,Other,1,1449,3,Male,,3,2,Laboratory Technician,3,Divorced,3975.0,,3,Y,No,11,3,3,80,2,11.0,2,4,8.0,7.0,0,7.0
31.0,No,Travel_Rarely,,Sales,8.0,2,Life Sciences,1,1453,1,Male,31.0,3,3,,4,Divorced,10793.0,8386.0,1,Y,No,18,3,1,80,1,13.0,5,3,13.0,7.0,9,9.0
46.0,Yes,Travel_Rarely,377.0,Sales,9.0,3,Marketing,1,1457,1,Male,52.0,3,3,Sales Executive,4,Divorced,10096.0,15986.0,4,Y,No,11,3,1,80,1,28.0,1,4,7.0,7.0,4,3.0
39.0,yes,Non-Travel,592.0,Research & Development,2.0,3,Life Sciences,1,1458,1,Female,54.0,2,1,Laboratory Technician,1,Single,3646.0,17181.0,2,Y,Yes,23,4,2,80,0,11.0,2,4,1.0,0.0,0,0.0
31.0,Yes,Travel Frequently,1445.0,Research & Development,1.0,5,Life Sciences,1,1459,3,Female,100.0,4,3,Manufacturing Director,2,Single,7446.0,8931.0,1,Y,No,11,3,1,80,0,10.0,2,3,10.0,25.0,4,7.0
45.0,No,Travel Rarely,1038.0,Research & Development,20.0,3,Medical,1,1460,2,Male,95.0,1,3,Healthcare representative,1,Divorced,10851.0,19863.0,2,Y,Yes,18,3,2,80,1,24.0,2,3,,7.0,0,7.0
31.0,No,Travel_Rarely,1398.0,Human Resources,,2,Medical,1,1461,4,Female,96.0,4,1,Human Resources,2,Single,2109.0,24609.0,9,Y,No,18,3,4,80,0,8.0,3,3,3.0,2.0,0,2.0
31.0,Yes,Travel_Frequently,523.0,Research and Development,2.0,3,Life Sciences,1,1464,2,Male,94.0,3,1,Laboratory technician ,4,Married,3722.0,21081.0,6,Y,Yes,13,3,3,80,1,7.0,2,1,2.0,2.0,2,2.0
,No,Travel_Rarely,1448.0,Research and Development,29.0,3,Technical degree,1,1465,2,Male,55.0,3,3,Manufacturing Director,4,MARRIED,9380.0,,4,Y,,18,3,4,80,2,10.0,4,4,3.0,1.0,1,2.0
48.0,No,Travel_Rarely,1221.0,Sales,7.0,3,MARKETING,1,1466,3,Male,96.0,3,2,Sales Executive,1,Divorced,5486.0,24795.0,4,Y,No,11,5,1,80,3,,3,3,,2.0,2,2.0
34.0,Yes,Travel_Rarely,1107.0,Human Resources,,4,Technical Degree,1,1467,1,Female,52.0,3,1,Human Resources,3,Married,2742.0,3072.0,1,Y,No,15,3,4,80,4,2.0,0,3,2.0,2.0,2,2.0
40.0,No,Non-Travel,218.0,Research & Development,8.0,1,Medical,1,1468,4,Male,55.0,2,3,Research Director,2,Divorced,13757.0,25178.0,2,Y,No,11,3,3,80,1,16.0,5,3,9.0,-1.0,4,8.0
28.0,no,Travel_Rarely,866.0,Sales,5.0,3,Medical,1,1469,4,Male,84.0,3,2,Sales Executive,1,Single,8463.0,,0,Y,No,18,3,4,80,0,6.0,4,3,5.0,,1,3.0
44.0,No,,981.0,Research & Development,5.0,3,Life Sciences,1,1471,3,Male,90.0,2,1,Laboratory Technician,3,Single,3162.0,7973.0,3,Y,No,14,3,4,80,0,7.0,5,3,5.0,2.0,0,3.0
53.0,No, Travel_Rarely ,447.0,Research & Development,2.0,3,Medical,1,1472,4,Male,39.0,4,4,Research Director,2,Single,16598.0,19764.0,4,Y,No,12,3,2,80,0,35.0,2,2,9.0,8.0,8,8.0
49.0,No,Travel_Rarely,1495.0,Research & Development,5.0,4,Technical Degree,1,1473,1,Male,96.0,3,2,,3,Married,6651.0,,2,Y,No,14,3,2,80,1,20.0,0,0,3.0,2.0,1,2.0
40.0,No,Travel_Rarely,896.0,Research & Development,2.0,3,Medical,1,1474,3,MALE,68.0,3,1,Research Scientist,3,Divorced,2345.0,8045.0,2,Y, No ,14,3,3,80,1,8.0,3,4,3.0,1.0,1,2.0
44.0,No,Travel_Rarely,1467.0,Research & Development,-5.0,3,Life Sciences,1,1475,4,Male,49.0,3,1,Research Scientist,2,single,3420.0,21158.0,1,Y,No,13,3,3,80,0,,3,2,5.0,2.0,1,3.0
33.0,No,,430.0,Sales,7.0,3,Medical,1,1477,4,Male,54.0,3,2,Sales Executive,1,Married,4373.0,17456.0,0,Y,No,14,3,1,80,2,5.0,2,3,4.0,3.0,0,3.0
34.0,No,Travel_Rarely,1326.0,Sales,3.0,3,Other,1,1478,4, Male ,81.0,1,2,Sales Executive,1,Single,4759.0,15891.0,3,Y,No,18,3,4,80,0,15.0,2,3,13.0,9.0,3,12.0
30.0,No, Travel_Rarely ,, Sales ,16.0,1,Life Sciences,1,1479,4,Male,96.0,3,2,Sales Executive,3,Married,,2939.0,8,Y,No,15,3,3,80,2,4.0,2,2,2.0,1.0,2,2.0
42.0, NO,Travel_Frequently,748.0,Research & Development,9.0,2,Medical,1,1480,1,Female,74.0,3,1,Laboratory Technician,4,single,3673.0,35000.0,1,Y,No,13,3,3,80,0,12.0,3,3,12.0,9.0,5,8.0
44.0,No,Travel_Frequently,383.0,sales,1.0,5,Marketing,1,1481,1,Female,79.0,3,2,Sales Executive,3,Married,4768.0,9282.0,7,Y,No,12,3,3,80,1,11.0,4,2,1.0,0.0,0,0.0
30.0,No,Non-Travel,990.0,Research & Development,7.0,3,Technical Degree,1,1482,3,Male,64.0,3,1,Research Scientist,3,Divorced,1274.0,7152.0,1,Y,No,13,3,2,80,2,1.0,2,2,1.0,0.0,0,0.0
57.0,No,travel_rarely,405.0,Research & Development,1.0,2,Life Sciences,1,1483,2,Male,93.0,4,2,Research Scientist,3,Married,4900.0,,0,Y,No,24,4,1,80,1,13.0,2,2,,9.0,-1,8.0
49.0,No,Travel_Rarely,1490.0,Research & Development,7.0,4,Life Sciences,1,1484,3,Male,35.0,3,3,,2,Divorced,10466.0,20948.0,3,Y,No,14,3,2,80,2,29.0,3,3,8.0,7.0,0,7.0
34.0,No,Travel_Frequently,829.0,Research & Development,15.0,3,Medical,1,1485,2,male,71.0,3,4,Research Director,1,Divorced,17007.0,11929.0,7,Y,No,14,3,4,80,2,16.0,3,2,14.0,8.0,6,9.0
28.0,Yes,Travel_Frequently,1496.0,Sales,1.0,3,Technical Degree,1,1486,1,Male,92.0,3,1,Sales Representative,3,Married,2909.0,15747.0,3,Y,No,15,3,4,80,1,5.0,3,4,3.0,2.0,1,2.0
29.0,Yes,travel_frequently,115.0,Sales,13.0,3,Technical Degree,1,1487,1,Female,51.0,3,2,Sales Executive,2,Single,5765.0,17485.0,5,Y,No,11,3,1,80,0,7.0,4,1,5.0,3.0,0,0.0
34.0,Yes,,790.0,Sales,24.0,4, Medical ,1,1489,1,Female,,2,2,Sales Executive,2,Single,4599.0,,0,Y,Yes,23,4,3,80,0,16.0,2,4,15.0,9.0,10,
35.0,No,Travel Rarely,660.0,Sales,7.0,1,Life Sciences,1,1492,4,Male,76.0,3,1,Sales Representative,3,Married,2404.0,16192.0,1,Y,No,30,3,1,80,1,1.0,3,3,1.0,0.0,0,0.0
24.0,Yes,Travel_Frequently,381.0,,9.0,3,Medical,1,1494,2,Male,150.0,3,1,,1,Single,3172.0,16998.0,2,Y,Yes,11,3,3,80,0,4.0,2,2,0.0,0.0,0,0.0
24.0,No,Non-Travel,830.0,Sales,13.0,2,Life Sciences,1,1495,4,Female,78.0,3,1,Sales representative,2,Married,2033.0,7103.0,1,Y,No,13,3,3,80,1,1.0,2,3,1.0,0.0,0,0.0
44.0,No,Travel_Frequently,1193.0,research & development,2.0,1,Medical,1,1496,2,Male,86.0,3,3,Manufacturing Director,3,Single,10209.0,19719.0,5,Y,YES,18,3,2,80,0,16.0,2,2,2.0,2.0,2,2.0
29.0,No,Travel_Rarely,1246.0,Sales,19.0,3,Life Sciences,1,1497,3,Male,77.0,2,2,Sales Executive,3,Divorced,8620.0,23757.0,1,Y,No,14,3,3,80,2,10.0,3,3,10.0,7.0,0,4.0
30.0,No,Travel_Rarely,330.0,,1.0,3,Life Sciences,1,1499,3,MALE,46.0,3,1,Human Resources,3,Divorced,2064.0,15428.0,0,Y,No,21,4,1,80,1,6.0,3,4,5.0,3.0,1,3.0
55.0,No,Travel_Rarely,1229.0,Research & development ,4.0,4,Life Sciences,1,1501,4,MALE,30.0,3,2,Healthcare Representative,3,Married,4035.0,16143.0,0,Y, Yes ,16,3,2,80,0,,2,3,3.0,,1,2.0
33.0,No,Travel Rarely,1099.0,Research & Development,4.0,4,Medical,1,1502,1,Female,82.0,2,1,Laboratory Technician,2,Married,3838.0,8192.0,8,Y,No,11,3,4,80,0,8.0,5,3,5.0,4.0,-1,2.0
47.0,No, Travel_Rarely ,571.0, Sales ,14.0,3,Medical,1,1503,3,Female,,3,2,,3, Married ,,24200.0,3,Y,Yes,17,3,3,80,1,11.0,4,2,5.0,4.0,1,2.0
28.0,Yes,Travel_Frequently,289.0,Research & Development,2.0,2,Medical,1,1504,3,Male,38.0,2,1,Laboratory Technician,1,Single,-500.0,5355.0,7,Y,No,11,3,3,80,0,8.0,2,2,0.0,0.0,0,0.0
28.0,No,Travel_Rarely,1423.0,Research & Development,1.0,3,Life Sciences,1,1506,1,Male,72.0,2,1,Research Scientist,3,Divorced,1563.0,12530.0,1,Y,No,14,3,4,80,1,1.0,2,1,1.0,0.0,0,0.0
28.0,No,,467.0,Sales,7.0,3,Life Sciences,1,1507,3,Male,55.0,3,2,sales executive,1,Single,4898.0,11827.0,0,Y,No,14,3,4,80,0,5.0,5,3,4.0,2.0,1,3.0
49.0,No,Travel_Rarely,271.0,Research & Development,3.0,2,Medical,1,1509,3, Female ,43.0,2,2,Laboratory Technician,1,Married,4789.0,23070.0,4,Y,No,25,4,1,80,1,10.0,3,3,3.0,2.0,1,2.0
29.0, NO,travel_frequently,410.0,Research & Development,2.0,1,Life Sciences,1,1513,4,Female,97.0,3,1,,2,Married,3180.0,4668.0,0,Y, No ,13,3,3,80,-1,4.0,3,3,3.0,2.0,0,2.0
,No,travel_rarely,1083.0,research & development,29.0,1,Life Sciences,1,1514,3,Male,96.0,1,0,Manufacturing Director,2,Married,6549.0,3173.0,1,Y,No,14,3,0,80,2,8.0,2,2,8.0,6.0,1,7.0
33.0,No,Travel Rarely,516.0,Research & development ,8.0,5,Life Sciences,1,1515,4,Male,69.0,3,2,Healthcare Representative,3,Single,6388.0,22049.0,2,Y,Yes,17,3,1,80,0,14.0,6,3,0.0,0.0,0,0.0
32.0,No,Travel_Rarely,495.0,Research & Development,10.0,3,Medical,1,1516,3,Male,64.0,3,3,Manager,4,,11244.0,21072.0,2,Y,No,25,4,2,80,0,10.0,5,4,5.0,2.0,0,0.0
54.0,No,Travel_Frequently,1050.0,Research & Development,11.0,4,Medical,1,1520,2,FEMALE,87.0,3,4,Manager,4,divorced,16032.0,24456.0,3,Y,No,20,4,1,80,1,26.0,2,3,14.0,9.0,1,12.0
29.0,Yes,Travel_Rarely,224.0,Research & Development,1.0,4,Technical degree,1,1522,1,Male,100.0,2,1,Research Scientist,1, Single ,2362.0,7568.0,6,Y,No,13,3,3,80,0,11.0,2,1,9.0,,0,7.0
44.0,No,Travel Rarely,136.0,,28.0,3,Life Sciences,1,1523,4,Male,32.0,3,4,,1,Married,16328.0,,3,Y,No,13,3,3,80,1,24.0,1,4,20.0,6.0,14,17.0
39.0,No,Travel_Rarely,1089.0,Research & Development,6.0,3,life sciences,1,1525,2,Female,32.0,3,3,Manufacturing Director,2,Single,8376.0,9150.0,4,Y,No,18,3,4,80,0,9.0,3,3,2.0,0.0,2,2.0
65.0,No,Travel_Rarely,228.0,Sales,0.0,3,Life Sciences,1,1527,3,Female,51.0,3,4,Manager,2,MARRIED,25000.0,11380.0,8,Y,No,12,3,4,80,1,23.0,2,4,13.0,12.0,5,1.0
35.0,No,Travel_Rarely,,Research & Development,16.0,3,Life Sciences,1,1529,4,Female,91.0,2,3,Healthcare Representative,2,Single,8606.0,21195.0,1,Y, No ,19,3,4,80,0,11.0,3,1,11.0,8.0,3,3.0
,No,Travel_Rarely,507.0,Research & Development,20.0,1,Life Sciences,1,1533,1,male,97.0,3,2,Laboratory Technician,3,Single,2272.0,24812.0,0,Y,No,14,3,2,80,0,5.0,2,3,4.0,3.0,1,2.0
40.0,Yes,Travel_Rarely,676.0,Research & Development,9.0,4,Life Sciences,1,1534,4,Male,86.0,3,1,Laboratory Technician,1,Single,2018.0,21831.0,3,Y,no,14,3,2,80,0,15.0,3,1,5.0,4.0,1,0.0
34.0,No,Travel_Rarely,971.0,Sales,1.0,3,Technical Degree,1,1535,4,Male,64.0,2,3,Sales Executive,3,Married,7083.0,12288.0,1,Y,YES,14,3,4,80,0,10.0,3,3,10.0,9.0,8,6.0
31.0,Yes ,Travel_Frequently,561.0,Research & Development,3.0,3,Life Sciences,1,1537,4, Female ,33.0,3,1,Research Scientist,3,Single,4084.0,4156.0,1,Y,NO,12,3,1,80,0,7.0,2,1,7.0,2.0,7,7.0
,No,Travel_Frequently,333.0,Research & Development,-5.0,5,,1,1539,3,Male,88.0,1,4,Research Director,4,Single,14411.0,24450.0,1,Y,,13,3,4,80,0,32.0,2,3,32.0,6.0,13,9.0
34.0,No,Travel_Rarely,1440.0,Sales,7.0,2,Technical Degree,1,1541,2,Male,55.0,3,1,Sales Representative,3,Married,2308.0,4944.0,0,Y,Yes,25,4,2,80,1,12.0,4,3,11.0,10.0,5,7.0
42.0,No,Travel_Rarely,1210.0,Research & Development,2.0,0,Medical,1,1542,3,,68.0,2,1,Laboratory Technician,2,Married,4841.0,,4,Y,No,14,3,2,80,1,4.0,3,3,1.0,0.0,0,0.0
37.0,No,Travel_Rarely,674.0,Research & Development,13.0,3,Medical,1,1543,1,Male,47.0,3,2,Research Scientist,4,married,4285.0,3031.0,1,Y,No,17,3,1,80,0,10.0,2,3,,8.0,3,7.0
,No,Travel_Rarely,441.0,Research & Development,8.0,1,Other,1,1544,3,Female,39.0,1,2,Healthcare Representative,1,Married,9715.0,7288.0,3,Y, No ,13,3,3,80,1,9.0,3,3,7.0,7.0,0,7.0
33.0,No,Travel_Rarely,575.0,Research & Development,25.0,3,Life Sciences,1,1545,4,Male,44.0,2,2,Manufacturing Director,2,Single,4320.0,24152.0,1,Y,No,13,3,4,80,0,5.0,2,3,5.0,3.0,0,2.0
45.0,No,Travel_Rarely,950.0,Research & Development,28.0,3,Technical Degree,1,1546,4,Male,97.0,3,1,Research scientist,0,Married,2132.0,4585.0,4,Y,No,20,4,4,80,1,8.0,3,3,5.0,15.0,0,3.0
42.0,no,Travel_Frequently,288.0,Research and Development,2.0,3,Life Sciences,1,1547,4,Male,40.0,3,3,Healthcare Representative,4,Married,10124.0,18611.0,2,Y,Yes,14,3,3,80,1,24.0,3,1,20.0,8.0,13,9.0
40.0,No,Travel_Rarely,1342.0,sales,9.0,2, Medical ,1,1548,1,Male,47.0,5,2,Sales Executive,1,Married,5473.0,19345.0,0,Y,No,12,3,4,80,0,9.0,5,4,8.0,4.0,7,1.0
33.0,No,Travel_Rarely,589.0,Research & Development,28.0,4,Life Sciences,1,1549,2,Male,79.0,3,2,Laboratory Technician,3,Married,5207.0,22949.0,1,Y,Yes,12,3,2,80,1,15.0,3,3,15.0,14.0,5,
40.0, NO,Travel Rarely,898.0,Human Resources,,2,Medical,1,1550,3,MALE,,3,4,Manager,4,Single,16437.0,17381.0,1,Y,Yes,21,4,4,80,0,21.0,2,3,21.0,7.0,7,7.0
24.0,No,Travel_Rarely,350.0,Research & Development,21.0,2,Technical Degree,1,1551,3,Male,57.0,2,1,Laboratory Technician,1,Divorced,2296.0,10036.0,0,Y,,14,3,2,80,3,2.0,3,3,1.0,,0,0.0
40.0,No,Non-Travel,1142.0,,,2,Life Sciences,1,1552,4,Male,72.0,3,2,Healthcare Representative,4,Divorced,4069.0,8841.0,3,Y,Yes,18,3,3,80,0,8.0,2,3,2.0,2.0,2,2.0
45.0,No,Travel_Rarely,,Research & Development,1.0,4,Technical Degree,1,1553,1,Male,66.0,3,3,Healthcare Representative,2,Divorced,7441.0,20933.0,1,Y,No,12,3,1,80,3,10.0,4,3,10.0,8.0,7,7.0
, NO,Travel_Rarely,1402.0,Sales,28.0,4,,1,1554,2,,98.0,2,1,Sales representative,3,Married,2430.0,26204.0,0,Y,No,23,4,1,80,2,6.0,5,3,,3.0,4,2.0
32.0,No,Travel_Rarely,824.0,Research & development ,5.0,2,Life Sciences,1,1555,4,Female,67.0,2,2,Research Scientist,2,Married,5878.0,15624.0,3,Y,No,12,3,1,80,1,12.0,2,3,7.0,1.0,2,5.0
36.0,No,Travel_Rarely,1157.0, Sales ,2.0,4,life sciences,1,1556,3,Male,70.0,3,1,Sales Representative,4,Single,,17001.0,3,Y,Yes,21,4,4,80,0,7.0,3,2,3.0,2.0,1,2.0
48.0,No,Travel_Rarely,492.0,Sales,16.0,4,Life Sciences,1,1557,3,Female,96.0,3,2,Sales Executive,3,Divorced,6439.0,13693.0,8,Y,No,14,3,3,80,1,18.0,2,3,8.0,7.0,7,7.0
29.0,No,Travel_Rarely,598.0,Research & Development,9.0,3,Life Sciences,1,1558,3,Male,91.0,4,1,Research Scientist,3,,2451.0,22376.0,6,Y,No,18,3,1,80,2,5.0,2,2,1.0,0.0,0,0.0
33.0, NO,Travel_Rarely,1242.0,Sales,8.0,4,Life Sciences,1,1560,1,Male,46.0,3,2,Sales Executive,1,,,10589.0,2,Y,No,13,3,4,80,1,8.0,6,1,2.0,2.0,2,
30.0,Yes,Travel_Rarely,, Sales ,1.0,3,Life Sciences,1,1562,2,male,64.0,2,2,Sales Executive,1,Married,9714.0,5323.0,1,Y,No,11,3,4,80,1,10.0,4,3,10.0,8.0,6,7.0
38.0,No,Travel_Frequently,888.0,Human Resources,10.0,4,Human Resources,1,1563,3,Male,71.0,3,2,Human Resources,3,Married,6077.0,14814.0,3,Y,no,11,3,3,80,0,,2,3,6.0,3.0,1,2.0
35.0,No,Travel_Rarely,992.0,Research & Development,1.0,3,Medical,1,1564,4,Male,68.0,2,1,Laboratory Technician,1,Single,2450.0,21731.0,1,Y,No,19,3,2,80,0,3.0,3,3,3.0,0.0,1,2.0
30.0,No,Travel_Rarely,1288.0,Sales,29.0,4,Technical Degree,1,1568,3,Male,33.0,3,3,Sales Executive,0,Married,9250.0,17799.0,3,Y,No,12,3,2,80,1,9.0,3,3,4.0,2.0,1,
,Yes,Travel_Rarely,104.0,Research & Development,2.0,3,Life Sciences,1,1569,1,Female,,3,1,Laboratory Technician,1,Divorced,2074.0,26619.0,1,Y,Yes,12,3,4,80,1,1.0,2,3,1.0,0.0,0,0.0
,Yes,Travel_Rarely,607.0,Research & Development,2.0,5,Technical Degree,1,1572,3,Female,78.0,2,3,Manufacturing Director,4,Married,10169.0,14618.0,0,Y,No,16,3,2,80,1,34.0,4,3,,7.0,1,9.0
38.0,,Travel_Rarely,903.0,Research & Development,2.0,3,Medical,1,1573,3,Male,81.0,3,2,Manufacturing Director,2,Married,4855.0,7653.0,4,Y,No,11,3,1,80,2,7.0,2,3,5.0,2.0,1,4.0
32.0,No,Non-Travel,1200.0,Research & Development,1.0,4,Technical Degree,1,1574,4,Male,62.0,3,2,Research Scientist,1,Married,4087.0,25174.0,4,Y,No,14,3,2,80,1,9.0,3,2,6.0,5.0,1,2.0
48.0,No,Travel_Rarely,1108.0,Research & Development,15.0,4,,1,1576,3,Female,65.0,3,1,Research Scientist,1,Married,2367.0,16530.0,8,Y,No,12,3,4,80,1,10.0,3,2,8.0,2.0,7,6.0
34.0,No,Travel_Rarely,,Research & Development,7.0,4,Medical,1,1577,1,Male,35.0,3,1,Research Scientist,4,Single,2972.0,22061.0,1,Y,No,13,3,3,80,0,1.0,4,1,1.0,0.0,0,0.0
55.0,No,Travel_Rarely,685.0,Sales,26.0,5,Marketing,1,1578,3,Male,60.0,2,5,Manager,4,Married,19586.0,23037.0,1,Y,No,21,4,3,80,1,36.0,3,3,36.0,6.0,2,13.0
34.0,No, Travel_Rarely ,1351.0,Research & Development,1.0,4,Life Sciences,1,1580,2,Male,45.0,3,2,Research Scientist,4, Married ,5484.0,13008.0,9,Y,No,17,3,2,80,1,9.0,3,2,2.0,2.0,2,1.0
26.0,No,Travel_Rarely,474.0,Research & Development,3.0,3,Life Sciences,1,1581,1,Female,89.0,3,1,Research Scientist,4,Married,2061.0,11133.0,1,Y,No,21,4,1,80,0,1.0,5,3,1.0,0.0,0,0.0
38.0,No,Travel_Rarely,1245.0,Sales,14.0,3,life sciences,1,1582,3,Male,80.0,3,2,Sales Executive,2,Married,9924.0,12355.0,0,Y,NO,11,3,4,80,1,10.0,3,3,9.0,8.0,7,7.0
38.0,No,Travel_Rarely,437.0,Sales,16.0,3,Life Sciences,1,1583,2,Female,90.0,3,2,sales executive,2,Single,4198.0,16379.0,2,Y,No,12,3,2,80,0,8.0,5,4,3.0,2.0,1,2.0
36.0,No,Travel_Rarely,884.0,Sales,1.0,4,Life Sciences,1,1585,2,Female,73.0,3,2,Sales Executive,3,Single,,21447.0,6,Y,No,13,3,1,80,0,15.0,5,3,1.0,0.0,0,0.0
29.0,No,Travel_Rarely,1370.0,Research & Development,3.0,1,Medical,1,1586,2,Male,87.0,3,1,Laboratory Technician,1,Single,4723.0,,1,Y,Yes,18,3,4,80,0,10.0,3,3,10.0,9.0,1,5.0
35.0,No,Travel_Rarely,670.0,Research & Development,10.0,4,Medical,1,1587,1,Female,51.0,3,2,Healthcare Representative,3,Single,6142.0,4223.0,3,Y,Yes,16,3,3,80,0,10.0,4,3,5.0,2.0,0,4.0
39.0,,Travel_Rarely,1462.0,Sales,6.0,3,Medical,1,1588,4,Male,38.0,4,3,Sales Executive,3,Married,8237.0,4658.0,2,Y,No,11,3,1,80,1,11.0,3,3,7.0,6.0,7,6.0
29.0,No,Travel_Frequently,995.0,Research & Development,2.0,1,Life Sciences,1,1590,1,Male,87.0,3,2,Healthcare Representative,4,Divorced,8853.0,24483.0,1,Y,NO,19,3,4,80,1,6.0,0,4,6.0,4.0,1,3.0
,No,Travel_Rarely,264.0,Sales,9.0,3,Marketing,1,1591,3,Male,59.0,3,5,Manager,3,Married,,,4,Y,,16,3,3,80,1,27.0,2,3,1.0,0.0,0,0.0
23.0,No,Travel_Rarely,977.0,,10.0,3,Technical Degree,1,1592,4,Male,45.0,4,1,Research Scientist,3,Married,,12826.0,2,Y,No,16,3,4,80,1,4.0,2,3,2.0,2.0,2,2.0
36.0,No,Travel_Frequently,1302.0,Research & Development,6.0,4,life sciences,1,1594,1,Male,,4,2,Laboratory Technician,1,Married,5562.0,19711.0,3,Y, Yes ,13,3,4,80,1,9.0,3,3,3.0,2.0,0,2.0
42.0,No,Travel_Rarely,1059.0,Research & Development,,2,Other,1,1595,4,Male,93.0,2,5,Manager,4,Single,19613.0,26362.0,8,Y,No,22,4,4,80,0,24.0,2,3,1.0,0.0,0,1.0
35.0,No, Travel_Rarely ,750.0,Research & Development,28.0,3,Life Sciences,1,1596,2,Male,46.0,4,2,Laboratory Technician,3, Married ,3407.0,25348.0,1,Y,No,17,3,4,80,2,10.0,3,2,10.0,9.0,6,8.0
34.0, NO,Travel_Frequently,653.0,Research & Development,10.0,4,Technical Degree,1,1597,4,Male,92.0,2,2,Healthcare Representative,3,Married,5063.0,15332.0,1,Y,No,14,3,2,80,1,8.0,3,2,8.0,2.0,7,7.0
40.0,No ,,118.0, Sales ,14.0,2,Life Sciences,1,1598,4,Female,84.0,3,2,Sales Executive,1,Married,4639.0,11262.0,1,Y,No,15,3,3,80,1,,2,3,5.0,4.0,1,2.0
43.0,No,Travel_Rarely,990.0,Research & Development,27.0,0,Technical Degree,1,1599,4,Male,87.0,4,1,Laboratory Technician,2,Divorced,,5855.0,5,Y,No,12,3,3,80,1,8.0,0,3,6.0,,0,2.0
35.0,No ,Travel_Rarely,1349.0,Research and Development,7.0,2,Life Sciences,1,1601,3,Male,63.0,2,1,Laboratory Technician,4,Married,2690.0,7713.0,1,Y,,18,3,4,80,1,1.0,5,2,1.0,0.0,0,1.0
46.0,No ,Travel_Rarely,563.0,SALES,1.0,4,Life Sciences,1,1602,4,Male,56.0,4,4, manager ,1,Single,17567.0,3156.0,1,Y,No,15,3,2,80,0,27.0,5,1,26.0,0.0,0,12.0
28.0,Yes,Travel_Rarely,329.0,Research & Development,24.0,3,Medical,1,1604,3,Male,51.0,3,1,Laboratory Technician,2,Married,2408.0,7324.0,1,Y,Yes,17,3,3,80,3,1.0,3,3,1.0,1.0,0,0.0
22.0,No,Non-Travel,457.0,Research & Development,26.0,2,Other,1,1605,2,Female,85.0,2,1,Research Scientist,3,Married,2814.0,10293.0,1,Y,Yes,14,3,2,80,0,4.0,2,2,4.0,2.0,1,3.0
50.0,No ,,,Research & Development,20.0,5,Medical,1,1606,2,male,41.0,3,4,Healthcare Representative,3,Married,11245.0,20689.0,2,Y,Yes,15,3,3,80,1,32.0,3,3,30.0,8.0,12,13.0
32.0,,Travel_Rarely,634.0,,5.0,4,Other,1,1607,2,Female,35.0,4,1,Research Scientist,4,Married,3312.0,18783.0,3,Y,No,17,3,4,80,2,6.0,3,3,3.0,2.0,0,2.0
44.0,No, Travel_Rarely ,1313.0,Research & Development,7.0,3,Medical,1,1608,2,Female,31.0,3,5,Research Director,4,Divorced,19049.0,3549.0,0,Y,Yes,14,3,4,80,1,23.0,4,2,22.0,7.0,1,10.0
30.0,No,Travel_Rarely,241.0,,7.0,3,Medical,1,1609,2,Male,48.0,2,1,Research Scientist,2,Married,2141.0,5348.0,1,Y,No,12,3,2,80,1,6.0,3,2,6.0,4.0,1,1.0
45.0,No,Travel_Rarely,1015.0,Research & Development,5.0,5, Medical ,1,1611,3,Female,50.0,1,2,Laboratory Technician,1,Single,5769.0,23447.0,1,Y,Yes,14,3,1,80,0,10.0,3,3,10.0,7.0,1,4.0
45.0,No,Non-Travel,336.0,Sales,26.0,3,MARKETING,1,1612,1,Male,52.0,2,2,sales executive,1,Married,4385.0,24162.0,1,Y,No,15,3,1,80,1,10.0,2,3,10.0,7.0,4,5.0
31.0,No,Travel_Frequently,715.0,Sales,2.0,4,Other,1,1613,4,Male,54.0,3,2,Sales Executive,1,Single,5332.0,21602.0,7,Y,no,13,3,4,80,0,10.0,3,3,5.0,2.0,0,3.0
36.0,No,Travel_Rarely,559.0,Research & Development,12.0,4,Life Sciences,1,1614,3,Female,76.0,3,2,Manufacturing Director,3,Married,4663.0,12421.0,9,Y,Yes,12,3,2,80,2,7.0,2,3,3.0,2.0,1,1.0
34.0,No,Travel_Frequently,426.0,Research & Development,10.0,4,Life Sciences,1,1615,3,Male,42.0,4,2,Manufacturing Director,4, Divorced ,4724.0,17000.0,1,Y,No,13,3,1,80,1,9.0,3,3,9.0,7.0,7,2.0
49.0,No ,Travel_Rarely,722.0,Research & Development,25.0,4,Life Sciences,1,1617,3,Female,84.0,3,1,Laboratory Technician,1,Married,3211.0,22102.0,1,Y,No,14,3,4,80,1,10.0,3,2,9.0,6.0,1,4.0
39.0, NO,travel_rarely,1387.0,Research & Development,10.0,5,Medical,1,1618,2,Male,76.0,3,2,Manufacturing Director,1,Married,5377.0,3835.0,2,Y,No,13,3,4,80,3,,3,3,7.0,7.0,7,7.0
27.0,No,Travel_Rarely,1302.0,Research & Development,19.0,3,Other,1,1619,4,Male,67.0,2,1,Laboratory Technician,1,Divorced,4066.0,16290.0,1,Y,No,11,3,1,80,2,7.0,3,3,7.0,7.0,0,7.0
35.0,No,travel_rarely,819.0,Research & Development,18.0,5,Life Sciences,1,1621,2,Male,48.0,4,2,Research Scientist,1,Married,5208.0,26312.0,1,Y,No,11,3,4,80,0,16.0,2,3,16.0,15.0,1,10.0
28.0,No,Travel_Rarely,,Research & Development,27.0,3,Medical,1,1622,2,female,39.0,1,2,Manufacturing Director,1, Divorced ,4877.0,20460.0,0,Y,No,21,4,2,80,1,6.0,5,2,5.0,3.0,0,
21.0,No,Travel Rarely,546.0,research & development,5.0,1,Medical,1,1623,3,MALE,,3,1,Research Scientist,4,Single,3117.0,26009.0,1,Y,No,18,3,3,80,0,3.0,2,3,2.0,,2,-1.0
18.0,Yes,Travel_Frequently,544.0,Sales,3.0,2,Medical,1,1624,2,Female,,3,1,Sales Representative,4,Single,1569.0,18420.0,1,Y,Yes,12,3,3,80,0,0.0,2,4,0.0,0.0,0,0.0
47.0,No,Travel_Rarely,, Human Resources ,26.0,4,Life Sciences,1,1625,4,Female,98.0,3,5,Manager,3,Married,,,3,Y,No,11,3,3,80,1,27.0,2,3,5.0,2.0,1,0.0
39.0,No,,,Research & Development,3.0,2,Medical,1,1627,3,Male,76.0,2,2,Laboratory Technician,3,Divorced,3069.0,35000.0,0,Y,No,15,3,4,80,1,11.0,3,3,10.0,8.0,0,7.0
40.0,No , Travel_Rarely ,884.0,Research & Development,15.0,3,Life Sciences,1,1628,1,Female,80.0,2,3,Manufacturing Director,3,Married,10435.0,25800.0,1,Y,No,13,3,4,80,2,18.0,2,3,,15.0,14,12.0
35.0,No,Non-Travel,208.0,Research & Development,8.0,4,life sciences,1,1630,3,Female,52.0,3,2,Healthcare Representative,3,Married,4148.0,12250.0,1,Y,No,12,3,4,80,1,15.0,5,3,14.0,11.0,2,9.0
37.0,No,Travel_Rarely,671.0,research & development,19.0,3,Life Sciences,1,1631,3,Male,85.0,3,2,Manufacturing Director,3,Married,5768.0,26493.0,3,Y,No,17,3,1,80,3,9.0,2,2,4.0,3.0,0,2.0
39.0,No,Travel_Frequently,711.0,Research & Development,4.0,3,Medical,1,1633,1,Female,81.0,5,2,MANUFACTURING DIRECTOR,3,,5042.0,3140.0,0,Y,No,13,3,4,80,0,10.0,2,1,9.0,2.0,3,8.0
45.0,no,Travel_Rarely,1329.0,Research & Development,2.0,2,Other,1,1635,4,Female,59.0,2,2,Manufacturing Director,4,Divorced,5770.0,5388.0,1,Y,NO,19,3,1,80,2,10.0,10,3,10.0,7.0,3,9.0
38.0, NO,Travel_Rarely,397.0,Research & Development,2.0,2,Medical,1,1638,4,Female,54.0,2,3,Manufacturing Director,3,MARRIED,7756.0,14199.0,3,Y,Yes,19,3,4,80,1,10.0,6,4,5.0,4.0,0,2.0
35.0,Yes,,737.0,Sales,10.0,3,Medical,1,1639,4,Male,55.0,2,3,Sales Executive,1,married,10306.0,21530.0,9,Y,No,17,3,3,80,0,15.0,3,3,13.0,12.0,6,0.0
37.0,No,travel_rarely,1470.0,Research & Development,10.0,3,Medical,1,1640,2,Female,71.0,3,1,Research Scientist,2,,3936.0,9953.0,1,Y,No,11,3,1,80,1,8.0,2,1,8.0,4.0,7,7.0
40.0,No,Travel_Rarely,448.0,Research & Development,,3,Life Sciences,1,1641,3,Female,84.0,3,3,Manufacturing Director,4,Single,7945.0,19948.0,6,Y,,15,3,4,80,0,18.0,2,2,4.0,2.0,3,3.0
44.0,No,Travel Frequently,602.0,Human Resources,1.0,5,Human Resources,1,1642,1,Male,37.0,3,2,Human Resources,4,Married,5743.0,10503.0,4,Y,Yes,11,3,3,80,0,14.0,3,3,10.0,7.0,0,2.0
48.0, NO,Travel_Frequently,365.0,Research & Development,,5,Medical,1,1644,3,Male,89.0,2,4,Manager,4,Married,,5602.0,2,Y,No,25,4,2,80,1,23.0,3,3,2.0,2.0,2,2.0
35.0,Yes,Travel_Rarely,763.0,Sales,15.0,2,Medical,1,1645,1,Male,59.0,1,2,Sales Executive,4,Divorced,5440.0,22098.0,6,Y,Yes,14,3,4,80,2,7.0,2,2,2.0,2.0,2,2.0
,No,Travel_Frequently,567.0,Research & Development,2.0,1,Technical Degree,1,1646,1,Female,32.0,3,1,Research scientist,4,Single,3760.0,17218.0,1,Y,Yes,13,3,3,80,0,6.0,2,3,6.0,3.0,1,3.0
27.0,No,Travel_Rarely,486.0,Research & Development,8.0,3,Medical,1,1647,2,female,86.0,4,1,Research Scientist,3,Married,3517.0,22490.0,7,Y,No,17,3,1,80,0,5.0,0,3,3.0,2.0,0,2.0
27.0,No,Travel_Frequently,591.0,Research & Development,2.0,3,Medical,1,1648,4,Male,87.0,3,1,Research Scientist,4,Single,2580.0,6297.0,2,Y,No,13,3,3,80,0,6.0,0,2,,2.0,1,2.0
40.0,Yes,Travel_Rarely,1329.0,,7.0,3,life sciences,1,1649,1,Male,73.0,3,1,Laboratory Technician,1,SINGLE,2166.0,3339.0,3,Y,Yes,14,3,2,80,0,10.0,3,1,4.0,2.0,0,3.0
,No,Travel_Rarely,469.0,sales,10.0,3,Medical,1,1650,3,Male,42.0,2,2,Sales Executive,5,Single,5869.0,23413.0,9,Y,No,11,3,3,80,0,8.0,2,3,5.0,2.0,1,4.0
36.0,No,Travel_Rarely,711.0,Research & Development,5.0,4,Life Sciences,1,1651,2,Female,42.0,3,3,Healthcare Representative,1,Married,8008.0,22792.0,4,Y,No,12,3,3,80,2,9.0,6,0,3.0,2.0,0,2.0
25.0,No,Travel_Frequently,772.0,Research & Development,2.0,1,Life Sciences,1,1653,4,Male,77.0,4,2,Manufacturing Director,3,Divorced,,4973.0,1,Y,No,17,3,3,80,2,7.0,6,3,7.0,7.0,0,7.0
39.0,No,Travel_Rarely,492.0,Research & Development,12.0,3, Medical ,1,1654,4,Male,66.0,3,2,Manufacturing Director,2,Married,5295.0,7693.0,4,Y,No,21,4,3,80,0,7.0,3,3,5.0,4.0,1,0.0
49.0,No ,Travel_Rarely,301.0,Research & Development,22.0,4,Other,1,1655,1,,72.0,3,4,Research Director,2,Married,16413.0,3498.0,3,Y,No,16,3,2,80,2,27.0,2,3,,2.0,1,25.0
50.0,No,Travel_Rarely,813.0,Research & Development,17.0,5,Life Sciences,1,1656,4,Female,50.0,2,3,Research Director,1,Divorced,,21981.0,5,Y,No,15,3,3,80,3,19.0,3,3,,11.0,1,11.0
20.0,No,Travel_Rarely,1141.0,Sales,2.0,3,Medical,1,1657,3,Female,31.0,3,1,Sales Representative,3,Single,2783.0,13251.0,1,Y,No,19,3,1,80,0,2.0,3,3,2.0,,2,2.0
34.0,No,Travel_Rarely,1130.0,Research & Development,3.0,3,Life Sciences,1,1658,4,Female,66.0,3,2,Research Scientist,2,Divorced,5433.0,19332.0,1,Y,No,12,3,3,80,1,11.0,2,3,11.0,8.0,7,9.0
36.0,No,,311.0,Research & Development,7.0,3,Life Sciences,1,1659,1,MALE,77.0,3,1,Laboratory Technician,2,Single,2013.0,10950.0,2,Y, No ,11,3,3,80,0,15.0,4,3,4.0,3.0,1,3.0
49.0,No,Travel_Rarely,465.0,Research & Development,6.0,1,life sciences,1,1661,3,female,41.0,2,4,Healthcare Representative,3,Married,13966.0,11652.0,2,Y,Yes,19,3,2,80,1,30.0,3,3,15.0,11.0,2,12.0
36.0,No,Non-Travel,894.0,Research & Development,1.0,4,Medical,1,1662,4,Female,33.0,2,2,Manufacturing Director,3,Married,4374.0,15411.0,0,Y,No,15,3,3,80,0,4.0,6,3,3.0,2.0,1,2.0
36.0,No ,Travel_Rarely,1040.0,Research and Development,3.0,2,life sciences,1,1664,4,Male,79.0,4,2,Healthcare Representative,1,Divorced,6842.0,26308.0,6,Y,No,20,4,1,80,1,13.0,3,3,,4.0,0,4.0
54.0,No,Travel_Rarely,584.0,research & development,22.0,5, Medical ,1,1665,2,Female,91.0,3,4,Manager,3,Married,17426.0,18685.0,3,Y,No,25,4,3,80,1,36.0,6,3,10.0,8.0,4,7.0
43.0,No,Travel_Rarely,1291.0,Research & Development,15.0,2,Life Sciences,1,1666,3,Male,65.0,2,4,Research Director,3,Married,17603.0,3525.0,1,Y,No,24,4,1,80,1,14.0,3,3,14.0,10.0,6,11.0
35.0,Yes,Travel_Frequently,880.0,Sales,12.0,4,Other,1,1667,4,Male,36.0,3,2,Sales Executive,4,Single,,10414.0,3,Y,,24,4,1,80,0,13.0,2,4,11.0,9.0,6,7.0
,No,Travel_Frequently,1189.0,Research & Development,1.0,3,Life Sciences,1,1668,4,Male,90.0,3,2,Research scientist,4,Married,4735.0,9867.0,7,Y,No,15,3,4,80,2,19.0,4,4,13.0,,2,9.0
29.0,No,Travel_Rarely,991.0,Sales,5.0,3,Medical,1,1669,1,Male,43.0,2,2,Sales Executive,2,Divorced,4187.0,3356.0,1,Y,Yes,13,3,2,80,1,10.0,3,2,10.0,0.0,0,9.0
,No,Travel_Rarely,392.0,Sales,2.0,4, Medical ,1,1670,4,Male,93.0,3,2,sales executive,4,Divorced,5505.0,3921.0,1,Y,No,14,3,3,80,2,6.0,5,3,6.0,2.0,0,4.0
32.0,No,Travel_Rarely,977.0,research & development,2.0,3, Medical ,1,1671,4, Male ,45.0,3,2,Research Scientist,2,Divorced,,25518.0,0,Y,No,13,3,3,80,2,10.0,4,2,9.0,5.0,1,6.0
31.0,No,Travel_Rarely,1112.0,Sales,5.0,4,Life Sciences,1,1673,1,Female,67.0,3,2,sales executive,4,Married,5476.0,22589.0,1,Y,No,11,3,1,80,2,10.0,2,3,10.0,0.0,0,2.0
49.0,No,Travel_Rarely,464.0,Research & Development,16.0,3,,1,1674,4,Female,74.0,3,1,Laboratory Technician,1,Divorced,2587.0,24941.0,4,Y,Yes,16,3,2,80,1,17.0,2,2,2.0,2.0,2,2.0
38.0,No, Travel_Frequently ,,Research & development ,,3,Medical,1,1675,4,Female,42.0,2,1,Laboratory Technician,0,Single,2440.0,23826.0,1,Y,No,22,4,2,80,0,4.0,3,3,4.0,3.0,3,3.0
47.0,No,Travel_Rarely,1225.0,Sales,2.0,4,Life Sciences,1,1676,2,Female,,4,4,Manager,2,Divorced,15972.0,21086.0,6,Y,No,14,3,3,80,3,29.0,2,3,3.0,2.0,1,2.0
49.0,No,Travel Rarely,809.0,Research & Development,,3,Life Sciences,1,1677,3,Male,36.0,3,4,Manager,3, Single ,15379.0,22384.0,4,Y,No,14,3,1,80,0,23.0,2,3,8.0,7.0,0,
41.0,No,Travel_Rarely,1206.0,Sales,23.0,2,Life Sciences,1,1678,4,Male,80.0,3,3,Sales Executive,3,Single,7082.0,11591.0,3,Y,YES,16,3,4,80,0,21.0,2,3,2.0,0.0,0,2.0
20.0,No,,727.0,Sales,9.0,1,Life Sciences,1,1680,4,,,3,1,Sales Representative,1,,2728.0,21082.0,1,Y,No,11,3,1,80,0,2.0,3,3,2.0,2.0,0,2.0
33.0,No,Non-Travel,530.0,Sales,16.0,3,Life Sciences,1,1681,3,,36.0,3,2,Sales Executive,4,Divorced,5368.0,16130.0,1,Y,Yes,25,4,3,80,1,7.0,2,3,6.0,5.0,1,2.0
36.0,No,Travel_Rarely,1351.0,Research & Development,26.0,4,Life Sciences,1,1682,1,,80.0,3,2,Healthcare Representative,3,Married,5347.0,7419.0,6,Y,No,14,3,2,80,2,,2,2,3.0,2.0,0,
44.0,No,Travel_Rarely,,Human Resources,1.0,3,Life Sciences,1,1683,3,Female,44.0,3,1,Human Resources,4,Divorced,3195.0,4167.0,4,Y,,18,3,1,80,3,8.0,2,3,2.0,2.0,2,2.0
23.0,Yes,Travel_Rarely,1320.0,Research & Development,8.0,1,Medical,1,1684,4,Male,93.0,2,1,Laboratory Technician,3,Single,3989.0,20586.0,1,Y,Yes,11,3,1,80,0,5.0,2,3,5.0,4.0,1,2.0
38.0,No,Travel_Rarely,1495.0,Research & Development,4.0,2,Medical,1,1687,4,Female,87.0,3,1,Laboratory Technician,3,Married,3306.0,26176.0,7,Y,No,19,3,4,80,1,7.0,5,2,0.0,0.0,0,0.0
53.0,No,Travel_Rarely,1395.0,Research & Development,24.0,4,Medical,1,1689,2,Male,48.0,4,3,,4,Married,7005.0,3458.0,3,Y,No,15,3,3,80,0,11.0,2,3,4.0,3.0,1,2.0
,Yes,Travel_Frequently,708.0,Sales,7.0,2,Medical,1,1691,4,Female,95.0,3,1,Sales Representative,3,,2655.0,11740.0,2,Y,Yes,11,3,3,80,2,19.0,3,3,9.0,7.0,7,7.0
32.0,yes,Travel Rarely,1259.0,Research & Development,2.0,4,Life Sciences,1,1692,4,Male,95.0,3,1,Laboratory technician ,2,Single,1393.0,24852.0,1,Y,No,12,3,1,80,0,1.0,2,3,1.0,,0,0.0
26.0,No,Non-Travel,786.0,Research & Development,7.0,3,Medical,1,1693,4,Male,76.0,3,1,Laboratory Technician,4,SINGLE,2570.0,11925.0,1,Y,No,20,4,3,80,0,7.0,5,3,7.0,7.0,5,7.0
55.0,no,Travel_Rarely,1441.0,Research & Development,22.0,3,Technical Degree,1,1694,1,Male,94.0,2,1,Research Scientist,2,Divorced,3537.0,23737.0,5,Y,No,12,3,4,80,1,8.0,1,3,4.0,2.0,1,2.0
34.0,No,Travel_Rarely,1157.0,Research & development ,5.0,2, Medical ,1,1696,2,male,57.0,2,2,Laboratory Technician,4,Married,3986.0,11912.0,1,Y,No,14,3,3,80,1,15.0,3,4,15.0,10.0,4,13.0
60.0,No,Travel_Rarely,370.0,Research & Development,1.0,4,Medical,1,1697,3,Male,92.0,1,3,Healthcare Representative,4,Divorced,10883.0,20467.0,3,Y, No ,20,4,3,80,1,19.0,2,4,1.0,0.0,0,0.0
33.0,No,Travel_Rarely,267.0,Research & Development,21.0,3,Medical,1,1698,2,Male,79.0,4,1,Laboratory Technician,2,Married,2028.0,,1,Y,No,18,3,4,80,3,14.0,6,3,14.0,11.0,2,13.0
37.0,No,Travel_Frequently,1278.0,Sales,1.0,4,Medical,1,1700,3,Male,31.0,1,2,Sales Executive,4,Divorced,9525.0,7677.0,1,Y,No,14,3,3,80,2,6.0,2,2,6.0,3.0,1,3.0
34.0,No,Travel_Rarely,678.0,Research & Development,19.0,3,Life Sciences,1,1701,2,Female,35.0,2,1,Research Scientist,4,Married,2929.0,20338.0,1,Y,No,12,3,2,80,0,10.0,3,3,10.0,9.0,8,7.0
23.0,Yes,Travel_Rarely,427.0,Sales,7.0,3,Life Sciences,1,1702,3,Male,99.0,3,1,Sales Representative,4,Divorced,2275.0,25103.0,1,Y,Yes,21,4,2,80,1,3.0,2,3,3.0,2.0,0,2.0
44.0,No, Travel_Rarely ,921.0,Research & Development,2.0,3,Life Sciences,1,1703,3,Female,96.0,4,3,,4,,7879.0,14810.0,1,Y,Yes,19,3,2,80,1,9.0,2,3,8.0,7.0,6,7.0
35.0,,Travel_Frequently,146.0,Research & Development,2.0,4,Medical,1,1704,1,Male,79.0,2,1,Research Scientist,4,Single,4930.0,13970.0,0,Y,Yes,14,3,3,80,0,6.0,2,4,5.0,4.0,1,4.0
43.0,No,Travel_Rarely,1179.0,Sales,2.0,3,Medical,1,1706,4,Male,73.0,3,2,Sales Executive,4,Married,7847.0,6069.0,1,Y,Yes,17,3,1,80,1,10.0,3,3,10.0,9.0,8,8.0
24.0,No,Travel_Rarely,581.0,Research & Development,9.0,3, Medical ,1,1707,3,Male,62.0,4,1,Research Scientist,3,Married,4401.0,17616.0,1,Y,No,16,3,4,80,1,5.0,1,3,5.0,3.0,0,4.0
41.0,No,Travel_Rarely,918.0,Sales,6.0,3,Marketing,1,1708,4,Male,,3,3,Sales Executive,3,Single,9241.0,15869.0,1,Y,No,12,3,2,80,0,10.0,3,3,10.0,8.0,8,7.0
29.0,No,Travel_Rarely,1082.0,Research & Development,9.0,4,Medical,1,1709,4,Female,43.0,3,1,Laboratory Technician,3,Married,2974.0,25412.0,9,Y,No,17,3,3,80,1,9.0,2,3,,3.0,1,2.0
36.0,No,travel_rarely,530.0,Sales,2.0,4,Life Sciences,1,1710,3,Female,51.0,3,2,Sales Representative,4,,4502.0,7439.0,3,Y,no,15,3,3,80,0,17.0,2,2,,7.0,6,7.0
45.0,No,Non-Travel,1238.0,Research & Development,1.0,1,Life Sciences,1,1712,3,Male,74.0,2,3,Healthcare Representative,3,Married,10748.0,3395.0,3,Y,No,23,4,4,80,1,25.0,3,2,23.0,15.0,14,4.0
24.0,Yes,,240.0,Human Resources,22.0,1,Human Resources,1,1714,4,Male,58.0,1,1,Human Resources,3,Married,1555.0,11585.0,1,Y,No,11,3,3,80,1,1.0,2,3,,0.0,0,0.0
47.0,Yes ,Travel_Frequently,1093.0,Sales,9.0,3,Life Sciences,1,1716,3,Male,82.0,1,4,sales executive,3,Married,,24164.0,7,Y,NO,11,3,3,80,0,25.0,3,1,23.0,5.0,14,10.0
26.0,No,Travel_Rarely,390.0,Research & Development,17.0,4,Medical,1,1718,4,Male,62.0,1,1,Laboratory Technician,3, Married ,2305.0,,1,Y,No,15,3,3,80,3,3.0,3,4,3.0,2.0,0,2.0
45.0, NO,Travel_Rarely,1005.0,Research & Development,28.0,2,Technical degree,1,1719,4,FEMALE,48.0,2,4,research director,2,Single,16704.0,17119.0,1,Y,No,11,3,3,80,0,21.0,2,3,21.0,6.0,8,6.0
32.0,No,Travel_Frequently,585.0,Research & Development,10.0,3,Life Sciences,1,1720,1,Male,56.0,3,1,Research Scientist,3,Married,3433.0,17360.0,6,Y,No,13,3,1,80,1,10.0,3,2,5.0,2.0,1,3.0
31.0,No,Travel_Rarely,741.0,Research & Development,2.0,4,Life Sciences,1,1721,2,Male,69.0,3,1,Laboratory Technician,3,Married,3477.0,18103.0,1,Y,No,14,3,4,80,1,6.0,2,4,5.0,2.0,0,
41.0,No,Non-Travel,552.0,Human Resources,4.0,3,Human Resources,1,1722,3,,60.0,1,2,Human Resources,2,married,6430.0,20794.0,6,Y, No ,19,3,2,80,1,10.0,4,3,3.0,2.0,1,2.0
40.0,,Travel_Rarely,369.0,Research & Development,8.0,2,life sciences,1,1724,2,Female,92.0,3,2,Manufacturing Director,1,Married,6516.0,5041.0,2,Y,Yes,16,3,2,80,1,18.0,3,3,1.0,0.0,0,0.0
,No,Travel_Rarely,506.0,Research and Development,29.0,1,Medical,1,1725,2,Male,91.0,3,1,Laboratory technician ,1,Divorced,3907.0,3622.0,1,Y,No,13,3,2,80,3,6.0,2,4,6.0,2.0,1,2.0
65.0,No,Travel_Rarely,717.0,Research & Development,13.0,4,Life Sciences,1,1727,3,Male,34.0,3,2,Healthcare Representative,2,Single,5562.0,9697.0,6,Y,No,14,3,4,80,0,19.0,3,3,,7.0,0,
35.0,No,Travel_Rarely,1370.0,Research & Development,27.0,4,Life Sciences,1,1728,4,Male,49.0,3,2,Manufacturing Director,3,Married,6883.0,5151.0,2,Y,No,16,3,2,80,1,17.0,3,3,7.0,7.0,0,7.0
30.0,No,Travel_Rarely,793.0,Research & Development,16.0,1,Life Sciences,1,1729,2,Male,33.0,3,1,Research Scientist,4,married,2862.0,3811.0,1,Y,No,12,3,2,80,1,10.0,2,2,10.0,0.0,0,8.0
47.0,No,non-travel,543.0,Sales,2.0,4,Marketing,1,1731,3,Male,87.0,3,2,Sales Executive,2,Married,4978.0,,7,Y,No,11,3,4,80,1,4.0,3,1,1.0,0.0,0,0.0
46.0,No,Travel_Rarely,1277.0,,2.0,3,,1,1732,3,Male,74.0,3,3,Sales Executive,4,Divorced,10368.0,5596.0,4,Y,Yes,12,3,2,80,1,13.0,5,2,10.0,6.0,0,3.0
36.0,Yes,Travel_Rarely,1456.0,Sales,13.0,5,Marketing,1,1733,2,male,96.0,2,2,Sales Executive,1,Divorced,6134.0,8658.0,5,Y,Yes,13,3,2,80,3,16.0,3,3,2.0,2.0,2,2.0
32.0,Yes,,964.0,sales,1.0,2,life sciences,1,1734,1, Male ,34.0,1,2,Sales Executive,2,,6735.0,12147.0,6,Y,No,15,3,2,80,0,10.0,2,3,0.0,0.0,0,0.0
23.0,No,Travel_Rarely,160.0,Research & Development,4.0,1,Medical,1,1735,3,Female,51.0,3,1,Laboratory Technician,2,Single,3295.0,12862.0,1,Y,No,13,3,3,80,0,3.0,3,1,3.0,2.0,1,2.0
31.0,No,Travel_Frequently,163.0,Research & Development,24.0,1,Technical degree,1,1736,4,Female,30.0,3,2,Manufacturing Director,4,Single,5238.0,6670.0,2,Y,No,20,4,4,80,0,9.0,3,2,5.0,4.0,1,4.0
39.0,No, Non-Travel ,792.0,Research & Development,1.0,3,Life Sciences,1,1737,4,Male,77.0,3,2,Laboratory Technician,4,Married,6472.0,8989.0,1,Y,Yes,15,3,4,80,1,9.0,2,3,9.0,8.0,5,8.0
32.0,No,Travel_Rarely,371.0,Sales,,3,Life Sciences,1,1739,4,Male,80.0,1,3,Sales Executive,3,Married,9610.0,3840.0,3,Y,NO,13,3,3,80,1,10.0,2,1,4.0,3.0,0,2.0
40.0,No ,Travel_Rarely,611.0,Sales,7.0,4, Medical ,1,1740,2,Male,88.0,3,5, manager ,2,Single,19833.0,4349.0,1,Y,No,14,3,2,80,0,21.0,3,2,21.0,8.0,12,8.0
45.0,No,Travel_Rarely,176.0,Human Resources,4.0,3,Life Sciences,1,1744,3,Female,56.0,1,3,Human Resources,3,Married,9756.0,6595.0,4,Y,no,21,4,3,80,2,9.0,2,4,5.0,0.0,0,3.0
30.0,No,Travel_Frequently,1312.0,Research & Development,2.0,4,Technical Degree,1,1745,4,Female,78.0,2,1,Research Scientist,1, Single ,,26427.0,0,Y,No,16,3,4,80,0,10.0,2,3,9.0,7.0,0,7.0
24.0,No,Travel_Frequently,897.0,Human Resources,10.0,3,Medical,1,1746,5,Male,150.0,3,1,Human Resources,4,Married,2145.0,2097.0,0,Y,No,14,3,4,80,1,3.0,2,3,2.0,2.0,2,1.0
30.0,Yes,Travel_Frequently,600.0,Human Resources,8.0,3,human resources,1,1747,3,Female,66.0,2,1,Human Resources,4,Divorced,2180.0,9732.0,6,Y,No,11,3,3,80,1,6.0,0,2,4.0,2.0,1,2.0
31.0,No,Travel_Rarely,1003.0,Sales,5.0,3,Technical Degree,1,1749,1,Male,51.0,3,2,Sales Executive,3,Married,,20943.0,1,Y,No,19,3,3,80,1,6.0,3,3,5.0,2.0,0,2.0
27.0,No,Travel_Rarely,1054.0,Research & Development,8.0,3,Medical,1,1751,3,Female,67.0,3,1,Research Scientist,4,Single,3445.0,6152.0,1,Y,No,11,3,3,80,0,6.0,5,2,6.0,2.0,1,4.0
29.0,,Travel_Rarely,428.0,Sales,9.0,3,MARKETING,1,1752,2,Female,52.0,1,1,Sales Representative,2,Single,2760.0,14630.0,1,Y,No,13,3,3,80,0,2.0,3,3,2.0,2.0,2,2.0
29.0,No,Travel_Frequently,461.0,Research & development ,1.0,3,Life Sciences,1,1753,4,male,70.0,4,2,Healthcare Representative,3,Single,6294.0,23060.0,8,Y,Yes,12,3,4,80,0,10.0,5,4,3.0,2.0,0,2.0
30.0,No,Travel_Rarely,979.0,Sales,15.0,2,Marketing,1,1754,3,Male,94.0,2,3,Sales Executive,1,Divorced,-500.0,3088.0,2,Y,No,11,3,1,80,1,12.0,2,3,7.0,7.0,1,7.0
34.0,No,Travel_Rarely,181.0,Research & Development,2.0,4,Medical,1,1755,4,Male,97.0,4,1,Research Scientist,4,Married,2932.0,5586.0,0,Y,Yes,14,3,1,80,3,6.0,3,3,5.0,0.0,1,2.0
33.0,No,Non-Travel,1283.0,Sales,2.0,3,Marketing,1,1756,4,Female,62.0,3,2,Sales Executive,2,Single,5147.0,10697.0,8,Y,no,15,3,4,80,0,13.0,2,2,11.0,7.0,1,7.0
49.0,No, Travel_Rarely ,1313.0,Sales,11.0,4,Marketing,1,1757,4,Female,80.0,3,2,Sales Executive,4,Single,4507.0,8191.0,3,Y,No,12,3,3,80,0,8.0,1,4,5.0,1.0,0,4.0
33.0,yes,Travel_Rarely,211.0,Sales,16.0,3,Life Sciences,1,1758,1,,74.0,3,3,Sales Executive,1,Single,8564.0,10092.0,2,Y,yes,20,4,3,80,4,11.0,2,2,0.0,0.0,0,
38.0,No,Travel_Frequently,594.0,Research & Development,2.0,2,Medical,1,1760,3,Female,75.0,2,1,Laboratory Technician,2,Married,2468.0,15963.0,4,Y,No,14,3,2,80,1,9.0,4,2,6.0,1.0,0,5.0
31.0,Yes,Travel_Rarely,1079.0,Sales,16.0,4,Marketing,1,1761,1,male,70.0,3,3,Sales Executive,3,Married,8161.0,19002.0,2,Y,No,13,3,1,80,3,10.0,2,3,1.0,,0,0.0
29.0,No ,Travel_Rarely,590.0,Research & Development,4.0,3,Technical Degree,1,1762,4,Female,91.0,2,1,Research Scientist,1,Divorced,2109.0,10007.0,1,Y,No,13,3,3,80,1,1.0,2,3,1.0,0.0,0,0.0
30.0,No,Travel_Rarely,305.0,Research & Development,16.0,3,Life Sciences,1,1763,3,Male,58.0,4,2,Healthcare Representative,3,Married,5294.0,9128.0,3,Y,No,16,3,3,80,1,10.0,3,3,7.0,0.0,1,7.0
32.0,No,Non-Travel,953.0,Research & Development,5.0,4,Technical Degree,1,1764,2,Male,65.0,3,1,Research Scientist,2,Single,2718.0,17674.0,2,Y,No,0,3,2,80,0,12.0,3,3,7.0,7.0,0,7.0
38.0,No,Travel_Rarely,833.0,Research & Development,18.0,3,Medical,1,1766,5,Male,,1,2,Healthcare Representative,4,Married,5811.0,24539.0,3,Y,Yes,16,3,3,80,1,15.0,2,3,1.0,0.0,1,0.0
43.0,Yes,Travel_Frequently,807.0,Research & Development,17.0,3,Technical Degree,1,1767,3,Male,38.0,2,1,Research Scientist,3,Married,2437.0,15587.0,9,Y,Yes,16,3,4,80,1,6.0,4,3,1.0,0.0,0,0.0
42.0,No,Travel_Rarely,855.0,,12.0,3,,1,1768,2,,-10.0,3,1,Laboratory Technician,2,Divorced,2766.0,8952.0,8,Y,No,22,4,2,80,3,,6,2,5.0,3.0,0,4.0
55.0,No,Travel_Rarely,478.0,Research & Development,,3,Medical,1,1770,3,Male,60.0,2,5,Research Director,1,Married,19038.0,19805.0,8,Y,No,12,3,2,80,3,34.0,2,3,1.0,,0,0.0
33.0,No,Non-Travel,775.0,Research & Development,4.0,3,,1,1771,4,Male,90.0,3,2,Research Scientist,2,,3055.0,6194.0,5,Y,No,15,3,4,80,2,,2,2,9.0,8.0,1,7.0
41.0,no,Travel_Rarely,548.0,,9.0,4,Life Sciences,1,1772,3,Male,94.0,3,1,Laboratory Technician,1,Divorced,25000.0,20520.0,1,Y,No,20,4,2,80,2,5.0,2,3,5.0,3.0,0,4.0
34.0,No,Non-Travel,1375.0,Sales,10.0,3,Life Sciences,1,1774,4,Male,87.0,3,2,Sales Executive,3,Divorced,4001.0,12313.0,1,Y,Yes,14,3,3,80,1,15.0,3,3,15.0,14.0,0,7.0
53.0,No,Non-Travel,661.0,,1.0,4,Medical,1,1775,1,Female,60.0,2,4,Manufacturing Director,3,Married,12965.0,,4,Y,Yes,20,4,4,80,3,27.0,2,2,3.0,2.0,0,2.0
43.0,No,Travel_Rarely,244.0,Human Resources,2.0,3,Life Sciences,1,1778,2,Male,97.0,3,1,Human Resources,4,SINGLE,3539.0,5033.0,0,Y,No,13,3,2,80,0,10.0,5,3,9.0,7.0,1,
34.0,No,Travel_Rarely,511.0,Sales,3.0,2,life sciences,1,1779,4,Female,32.0,1,2,Sales Executive,4,Single,6029.0,25353.0,5,Y,No,12,3,1,80,0,6.0,3,3,2.0,2.0,2,2.0
,Yes,Travel_Rarely,337.0,,7.0,1,Marketing,1,1780,2,Male,,3,1,Sales Representative,2,Single,,4567.0,1,Y,No,13,3,2,80,0,1.0,3,3,1.0,0.0,1,0.0
38.0,No,Travel_Rarely,1153.0,Research & Development,6.0,2,other,1,1782,4,Female,40.0,2,1,Laboratory Technician,3,Married,3702.0,16376.0,1,Y,No,11,3,2,80,1,5.0,3,3,5.0,4.0,0,4.0
22.0,Yes,travel_rarely,1294.0,Research & Development,8.0,1,Medical,1,1783,3,Female,79.0,3,1,Laboratory Technician,1,Married,2398.0,15999.0,1,Y,Yes,17,3,3,80,0,1.0,6,3,1.0,0.0,0,0.0
31.0,No,Travel_Rarely,196.0,Sales,29.0,4,Marketing,1,1784,1, Female ,91.0,2,2,Sales Executive,4,Married,5468.0,13402.0,1,Y,NO,14,3,1,80,2,13.0,3,3,12.0,7.0,5,7.0
51.0,No,Travel Rarely,942.0,Research & Development,3.0,3,Technical Degree,1,1786,1,Female,53.0,3,3,,3,Married,13116.0,,2,Y,No,11,3,4,80,0,15.0,2,3,2.0,2.0,2,2.0
37.0,No,Travel_Rarely,589.0,Sales,9.0,2,Marketing,1,1787,2,Male,46.0,2,2,Sales Executive,2,Married,4189.0,8800.0,1,Y,No,14,3,1,80,2,5.0,2,3,5.0,2.0,0,3.0
46.0,No,Travel_Rarely,734.0,Research & Development,2.0,4,Medical,1,1789,3,Male,46.0,3,5,Research Director,4,Divorced,19328.0,14218.0,7,Y,Yes,17,3,3,80,1,24.0,3,3,2.0,1.0,2,2.0
36.0,No,Travel_Rarely,1383.0,Research & Development,10.0,3,Life Sciences,1,1790,4,Male,90.0,3,3,Healthcare Representative,1,Married,8321.0,25949.0,7,Y,Yes,13,3,4,80,1,15.0,1,3,12.0,8.0,5,7.0
44.0,Yes,Travel_Frequently,429.0,Research & development ,1.0,2, Medical ,1,1792,3,Male,99.0,3,1,Research Scientist,2,Divorced,2342.0,11092.0,1,Y,Yes,12,3,3,80,3,6.0,2,2,5.0,3.0,2,3.0
37.0,No,Travel_Rarely,1239.0,Human Resources,8.0,2,Other,1,1794,3,Male,89.0,3,2,Human Resources,2,Divorced,4071.0,12832.0,2,Y,No,13,3,3,80,0,19.0,4,2,10.0,0.0,4,7.0
35.0,Yes,Travel_Rarely,303.0,Sales,27.0,3,life sciences,1,1797,3,Male,84.0,3,2,Sales Executive,4,Single,5813.0,13492.0,1,Y,Yes,18,3,4,80,0,10.0,2,3,,7.0,7,7.0
33.0,No,travel_rarely,867.0,Research & Development,8.0,4,Life Sciences,1,1798,4,Male,90.0,4,1,Research Scientist,1,married,3143.0,6076.0,6,Y,No,19,3,2,80,1,14.0,1,3,50.0,8.0,7,6.0
28.0,No ,Travel_Rarely,1181.0,Research & Development,1.0,3,Life Sciences,1,1799,3,Male,82.0,3,1,Research Scientist,4,Married,2044.0,5531.0,1,Y,No,11,3,3,80,1,5.0,6,4,5.0,3.0,0,3.0
39.0,No,Travel_Rarely,1253.0,Research & Development,10.0,1,Medical,1,1800,3, Male ,65.0,3,3,Research Director,3,Single,13464.0,7914.0,7,Y,,21,4,3,80,0,9.0,3,3,4.0,3.0,2,2.0
46.0,No, Non-Travel ,849.0,sales,26.0,2,Life Sciences,1,1801,2,Male,98.0,2,2,Sales Executive,5,Single,7991.0,25166.0,8,Y,No,15,3,3,80,0,6.0,3,3,2.0,2.0,2,2.0
40.0,,Travel_Rarely,616.0,Research & Development,2.0,2,Life Sciences,1,1802,3,Female,99.0,3,6,Laboratory Technician,1,Married,3377.0,25605.0,4,Y,No,17,3,4,80,1,7.0,5,2,4.0,3.0,0,2.0
42.0,No,,1128.0,Research & Development,13.0,3,Medical,1,1803,2,Male,95.0,4,2,Healthcare Representative,1,Married,5538.0,5696.0,5,Y,No,18,3,3,80,2,10.0,2,2,0.0,0.0,0,0.0
35.0,No,Non-Travel,,Research & Development,2.0,2,Medical,1,1804,2,Male,90.0,3,2,Manufacturing Director,4,divorced,5762.0,24442.0,2,Y,No,14,3,3,80,1,15.0,6,3,7.0,7.0,1,
38.0,No,Non Travel,,Human Resources,2.0,3,Human Resources,1,1805,1,Male,100.0,3,1,Human Resources,2,Divorced,2592.0,7129.0,5,Y,no,13,3,4,80,3,13.0,3,3,11.0,10.0,3,8.0
,Yes,Travel_Frequently,234.0,Research & Development,9.0,4,Life Sciences,1,1807,4,Male,93.0,3,2,Laboratory Technician,1,Married,5346.0,6208.0,4,Y,No,17,3,3,80,1,11.0,3,2,7.0,,0,7.0
37.0,yes,Travel_Rarely,370.0,Research & Development,10.0,4,Medical,1,1809,4,Male,58.0,3,2,Manufacturing Director,1,Single,4213.0,4992.0,1,Y,No,15,3,2,80,0,10.0,4,1,10.0,3.0,0,8.0
39.0,No,Travel_Frequently,766.0,Sales,20.0,3,Life Sciences,1,1812,3,Male,83.0,3,2,Sales Executive,4,Divorced,4127.0,19188.0,2,Y,No,18,3,4,80,1,7.0,6,3,2.0,1.0,2,2.0
43.0,No,,343.0,research & development,9.0,3,Life Sciences,1,1813,1, Male ,52.0,3,1,Research Scientist,3,Single,2438.0,24978.0,4,Y,No,13,3,3,80,0,7.0,2,2,3.0,2.0,1,2.0
41.0,No,Travel_Rarely,447.0,Research & Development,5.0,3,Life Sciences,1,1814,2,Male,85.0,4,2,,2,Single,6870.0,,3,Y,No,12,3,1,80,0,11.0,3,1,3.0,2.0,1,2.0
41.0,No,Travel_Rarely,796.0,sales,4.0,1,Marketing,1,1815,3,Female,81.0,3,3,Sales Executive,3,Divorced,10447.0,26458.0,0,Y,YES,13,3,4,80,1,23.0,3,4,22.0,14.0,13,5.0
30.0,No,Travel_Rarely,1092.0,Research & Development,10.0,3,Medical,1,1816,1,Female,64.0,3,3,Manufacturing Director,3,Single,9667.0,2739.0,9,Y,No,14,3,2,80,0,9.0,3,3,7.0,7.0,0,2.0
26.0,Yes,travel_rarely,920.0,Human Resources,20.0,2,Medical,1,1818,4,Female,69.0,3,1,Human Resources,2,Married,,6889.0,0,Y,Yes,11,3,3,80,0,6.0,3,3,5.0,1.0,1,4.0
46.0,Yes,Travel_Rarely,261.0,research & development,21.0,2,Medical,1,1821,4,Female,,3,2,Healthcare Representative,2,married,8926.0,10842.0,4,Y,No,22,4,4,80,1,13.0,2,4,9.0,7.0,3,7.0
40.0,No,Travel_Rarely,1194.0,Research & Development,1.0,3,Life Sciences,1,1822,3,Female,52.0,3,2,Healthcare Representative,4,Divorced,6513.0,9060.0,4,Y,No,17,3,4,80,1,12.0,3,3,5.0,3.0,0,3.0
34.0, NO,Travel_Rarely,810.0,sales,8.0,2,Technical Degree,1,1823,2,Male,92.0,4,2,Sales Executive,3,Married,6799.0,22128.0,1,Y,No,21,4,3,80,2,10.0,5,3,10.0,8.0,4,8.0
58.0,No,Non-Travel,350.0,Sales,2.0,3,,1,1824,2,Male,52.0,3,4,Manager,2,Divorced,16291.0,22577.0,4,Y,,22,4,4,80,1,37.0,0,2,16.0,9.0,14,
35.0,No,Travel_Rarely,185.0,Research & Development,23.0,4,Medical,1,1826,2,Male,91.0,1,1,Laboratory Technician,3,Married,2705.0,9696.0,0,Y,No,16,3,2,80,1,6.0,2,4,5.0,4.0,0,3.0
47.0,No,Travel_Rarely,1001.0,Research & Development,4.0,3,Life Sciences,1,1827,3,Female,92.0,2,3,Manufacturing Director,2,Divorced,10333.0,19271.0,8,Y,Yes,12,3,3,80,1,28.0,4,3,22.0,,14,10.0
40.0,No,travel_rarely,750.0,Research & Development,12.0,3,Life Sciences,1,1829,2,Female,47.0,3,2,Healthcare Representative,1,Divorced,4448.0,10748.0,2,Y,No,12,3,2,80,1,15.0,3,3,7.0,4.0,7,7.0
54.0,No,Travel_Rarely,431.0,Research & Development,7.0,4,Medical,1,1830,4,Female,68.0,3,2,Research Scientist,4,Married,6854.0,15696.0,4,Y,NO,15,3,2,80,1,14.0,2,2,7.0,1.0,1,7.0
31.0,No,Travel_Frequently,0.0,Sales,,4,Marketing,1,1833,1,Female,68.0,3,3,Sales Executive,1,Married,9637.0,8277.0,2,Y,No,14,3,4,80,2,9.0,3,3,3.0,2.0,2,2.0
28.0,No,Travel_Rarely,1217.0,Research & Development,1.0,3,Medical,1,1834,3,Female,,3,1,Research Scientist,1,Married,3591.0,12719.0,1,Y,No,25,4,3,80,1,3.0,3,3,3.0,2.0,1,2.0
38.0,No,travel_rarely,723.0,Sales,,4,Marketing,1,1835,2,Female,77.0,1,2,Sales Representative,4,Married,5405.0,4244.0,2,Y,,20,4,1,80,2,20.0,4,2,4.0,2.0,0,3.0
26.0,No,Travel_Rarely,572.0,Sales,10.0,3,Medical,1,1836,3,Male,46.0,3,2,Sales Executive,4, Single ,4684.0,9125.0,1,Y,No,13,3,1,80,0,5.0,4,3,5.0,3.0,1,2.0
58.0, NO,Travel_Frequently,1216.0,Research & Development,,4,Life Sciences,1,1837,1,Male,87.0,3,4,Research Director,3,,15787.0,21624.0,2,Y,Yes,14,3,2,80,0,23.0,3,3,2.0,2.0,2,2.0
18.0,No,Non-Travel,1431.0,Research & Development,14.0,3,Medical,1,1839,2,Female,33.0,3,1,Research Scientist,3,Single,1514.0,8018.0,1,Y, No ,16,3,3,80,0,0.0,4,1,0.0,0.0,0,0.0
31.0,yes,Travel_Rarely,359.0,Human Resources,18.0,5,Human Resources,1,1842,4,Male,89.0,4,1,Human Resources,1,Married,2956.0,21495.0,0,Y,No,17,3,3,80,0,2.0,4,3,1.0,0.0,0,0.0
29.0,Yes,Travel_Rarely,350.0,Human Resources,13.0,3,Human Resources,1,1844,1,Male,56.0,2,1,Human Resources,1,Divorced,2335.0,3157.0,4,Y,Yes,15,3,4,80,3,4.0,3,3,2.0,2.0,2,0.0
45.0,No,Non-Travel,589.0,,,4,Life Sciences,1,1845,3,Female,67.0,3,2,Sales Executive,3,Married,5154.0,19665.0,4,Y,No,22,4,2,80,2,10.0,3,4,8.0,7.0,5,7.0
36.0,No,Travel_Rarely,430.0,Research & Development,2.0,4,Other,1,1847,4,Female,73.0,3,2,Research scientist,2,Married,6962.0,19573.0,4,Y,Yes,22,4,4,80,1,15.0,2,3,1.0,0.0,0,0.0
,No,travel_frequently,1422.0,Sales,2.0,4,Life Sciences,1,1849,1,Male,92.0,3,2,Sales Executive,4,Married,5675.0,19246.0,1,Y,No,20,4,3,80,1,7.0,5,3,7.0,,7,7.0
27.0,No, Travel_Frequently ,1297.0,Research & Development,5.0,2,life sciences,1,1850,4, Female ,53.0,3,1,Laboratory Technician,4,Single,2379.0,19826.0,0,Y,Yes,14,3,3,80,0,6.0,3,2,5.0,4.0,0,2.0
29.0,No,Travel_Frequently,574.0,Research & Development,20.0,1,Medical,1,1852,4,Male,40.0,3,1,Laboratory Technician,4,Married,3812.0,7003.0,1,Y, No ,13,3,2,80,0,11.0,3,4,11.0,8.0,3,10.0
32.0,No,Travel_Frequently,1318.0,Sales,10.0,4,Marketing,1,1853,4,Male,79.0,3,2,,4,Single,4648.0,26075.0,8,Y,No,13,3,3,80,0,4.0,2,4,0.0,0.0,0,0.0
42.0,No,Non-Travel,355.0,Research & Development,10.0,4,Technical Degree,1,1854,3, Male ,38.0,3,1,Research Scientist,3,Married,2936.0,6161.0,3,Y,No,22,4,2,80,2,10.0,1,2,6.0,3.0,3,3.0
47.0,No,Travel_Rarely,,,9.0,4,Life Sciences,1,1856,2,Female,64.0,3,1,Laboratory Technician,3,Single,2105.0,5411.0,4,Y,No,12,3,3,80,0,7.0,2,3,2.0,2.0,2,0.0
46.0,No, Travel_Rarely ,706.0,Research & Development,2.0,2,Life Sciences,1,1857,4,Male,82.0,3,3,Manufacturing Director,4,Divorced,8578.0,19989.0,3,Y,No,14,3,3,80,1,12.0,4,2,9.0,8.0,4,7.0
28.0,No ,Non-Travel,280.0,,1.0,2,Life Sciences,1,1858,3,Male,43.0,3,1,Human Resources,4,Divorced,2706.0,10494.0,1,Y,No,15,3,2,80,1,3.0,2,3,3.0,2.0,2,
29.0, NO,Travel_Rarely,726.0,Research & Development,29.0,1,Life Sciences,1,1859,4,MALE,93.0,1,2,Healthcare Representative,3,Divorced,6384.0,21143.0,8,Y,No,17,3,0,80,2,11.0,3,3,7.0,0.0,1,6.0
,No ,travel_rarely,1142.0,Research & Development,8.0,3,Life Sciences,1,1860,4,Male,81.0,3,1,Laboratory Technician,3,Single,3968.0,13624.0,4,Y,No,13,3,4,80,0,8.0,3,3,0.0,0.0,0,0.0
32.0,Yes,Travel_Rarely,414.0,Sales,2.0,4,Marketing,1,1862,3,male,82.0,2,2,Sales Executive,2,Single,9907.0,26186.0,7,Y,Yes,12,3,3,80,0,7.0,3,2,2.0,2.0,2,2.0
46.0,No,Travel_Rarely,1319.0,SALES,3.0,3,Technical Degree,1,1863,1,Female,45.0,4,4,Sales Executive,1,Divorced,13225.0,7739.0,2,Y,No,12,3,4,80,1,25.0,5,3,19.0,17.0,2,8.0
27.0,No,Travel_Rarely,728.0,Sales,23.0,1,Medical,1,1864,2,Female,36.0,2,2,Sales Representative,3,,3540.0,7018.0,1,Y,No,21,4,4,80,1,9.0,5,3,9.0,8.0,5,8.0
70.0,No,Travel_Rarely,352.0,Human Resources,6.0,1,Medical,1,1865,4,,87.0,2,1,Human Resources,2,,2804.0,15434.0,1,Y,No,11,3,4,80,0,1.0,3,3,1.0,0.0,0,0.0
43.0,No,Travel_Rarely,823.0,Research & Development,6.0,3,Medical,1,1866,1,,81.0,2,5,Manager,3,Married,19392.0,22539.0,7,Y,No,13,3,4,80,0,21.0,2,3,16.0,12.0,6,14.0
48.0,No,Travel_Rarely,1224.0,,10.0,3,Life Sciences,1,1867,4,Male,91.0,2,5,Research Director,2,Married,19665.0,13583.0,4,Y,No,12,3,4,80,0,29.0,3,3,22.0,10.0,12,9.0
29.0, YES,Travel_Frequently,459.0,Research & Development,24.0,2,Life Sciences,1,1868,4,Male,73.0,2,1,Research Scientist,4,Single,2439.0,14753.0,1,Y,Yes,24,4,2,80,0,1.0,3,2,1.0,0.0,1,0.0
46.0,Yes,Travel_Rarely,1254.0,Sales,10.0,3,Life Sciences,1,1869,3,Female,64.0,3,3,Sales Executive,2,Married,7314.0,14011.0,5,Y,No,21,4,3,80,3,14.0,2,3,8.0,7.0,0,7.0
27.0,No,Travel_Frequently,1131.0,,15.0,3,Life Sciences,1,1870,4,Female,77.0,2,1,Research scientist,1,Married,4774.0,,0,Y,No,19,3,4,80,1,8.0,2,2,7.0,6.0,7,3.0
39.0,No,Travel_Rarely,835.0,Research & Development,,4,Other,1,1871,4,Male,41.0,3,2,Research Scientist,4,Divorced,3902.0,5141.0,8,Y,No,14,3,2,80,3,7.0,2,3,2.0,2.0,2,2.0
55.0,No,Travel_Rarely,836.0,Research & Development,2.0,4,Technical Degree,1,1873,2,Male,,2,0,Research Scientist,4,Married,,7975.0,8,Y,No,20,4,2,80,1,19.0,2,4,5.0,2.0,0,4.0
28.0,No,Travel_Rarely,1172.0,Sales,3.0,3,Medical,1,1875,2,Female,78.0,3,1,Sales Representative,2,Married,2856.0,3692.0,1,Y,No,19,3,4,80,1,1.0,3,3,1.0,0.0,0,0.0
30.0,Yes,Travel_Rarely,945.0,Sales,,3,Medical,1,1876,2,Male,89.0,3,1,Sales Representative,4,single,1081.0,16019.0,1,Y,,13,3,3,80,0,1.0,3,2,1.0,0.0,0,0.0
22.0,yes,Travel_Rarely,391.0,Research & Development,7.0,1,Life Sciences,1,1878,4,Male,75.0,3,1,Research scientist,2,Single,2472.0,26092.0,1,Y,YES,23,4,1,80,0,1.0,2,3,1.0,0.0,0,0.0
36.0,No,Travel_Rarely,1266.0,Sales,10.0,4,Technical Degree,1,1880,2,Female,63.0,2,2,Sales Executive,3,Married,5673.0,6060.0,1,Y,Yes,13,3,1,80,1,10.0,4,3,10.0,9.0,1,7.0
31.0,No,Travel_Rarely,311.0,Research & Development,20.0,3,Life Sciences,1,1881,2,Male,89.0,3,2,Laboratory Technician,3,divorced,4197.0,18624.0,1,Y,No,11,3,1,80,1,10.0,2,3,,8.0,0,2.0
34.0,,Travel_Rarely,1480.0,sales,4.0,3,Life Sciences,1,1882,3,Male,150.0,3,3,Sales Executive,4,Married,9713.0,24444.0,2,Y,Yes,13,3,4,80,3,9.0,3,3,5.0,3.0,1,0.0
29.0,No,Travel_Rarely,592.0,Research & Development,7.0,3,Life Sciences,1,1883,4,Male,59.0,3,1,Laboratory Technician,1,Single,2062.0,19384.0,3,Y,No,14,3,2,80,0,,2,3,3.0,2.0,1,2.0
37.0,No,Travel_Rarely,,Research & Development,7.0,4, Medical ,1,1885,4,MALE,78.0,3,2,,1,Married,4284.0,,5,Y,Yes,22,4,3,80,1,16.0,2,3,5.0,3.0,0,4.0
,no,Travel_Rarely,219.0,Research & Development,16.0,2,Other,1,1886,4,Female,44.0,2,2,Manufacturing Director,2,Married,4788.0,25388.0,0,Y, Yes ,11,3,4,80,0,4.0,2,3,3.0,2.0,0,2.0
45.0,No,Travel_Rarely,556.0,Research & Development,25.0,2,Life Sciences,1,1888,2,Female,93.0,2,2,Manufacturing Director,4,Married,5906.0,23888.0,0,Y,No,13,3,4,80,2,10.0,2,2,,8.0,3,8.0
36.0,No,travel_frequently,1213.0,Human Resources,2.0,1,human resources,1,1890,2,Male,,2,2,Human Resources,4,Single,3886.0,4223.0,1,Y,NO,21,4,4,80,0,10.0,2,2,10.0,1.0,0,8.0
40.0,No,Travel_Rarely,1137.0,Research & Development,1.0,4,Life Sciences,1,1892,1,Male,98.0,0,4,Manager,1,,16823.0,18991.0,2,Y,No,11,3,1,80,1,22.0,3,3,19.0,7.0,11,16.0
26.0,No,Travel_Rarely,482.0,Research & Development,1.0,2,life sciences,1,1893,2,Female,90.0,2,1,Research Scientist,5,Married,2933.0,14908.0,1,Y,Yes,13,3,3,80,1,1.0,3,2,1.0,0.0,1,0.0
27.0, NO,Travel_Rarely,511.0,Sales,2.0,2,Medical,1,1898,1,Female,89.0,4,2,Sales Executive,3,Single,6500.0,26997.0,0,Y,No,14,3,2,80,0,9.0,5,2,8.0,7.0,0,7.0
48.0,No,Travel_Frequently,117.0,Research & Development,22.0,3,Medical,1,1900,4,Female,58.0,3,4,Manager,4,Divorced,17174.0,2437.0,3,Y,NO,11,3,2,80,1,24.0,3,3,22.0,17.0,4,7.0
44.0,No,Travel_Rarely,170.0,Research & Development,1.0,4,Life Sciences,1,1903,2,Male,78.0,4,2,Healthcare Representative,1,Married,5033.0,9364.0,2,Y,No,15,3,4,80,1,10.0,5,3,2.0,0.0,2,2.0
34.0,Yes,Non-Travel,967.0,Research & Development,16.0,4,Technical Degree,1,1905,4,Male,,1,1,Research Scientist,1,Married,2307.0,14460.0,1,Y,Yes,23,4,2,80,1,5.0,2,3,5.0,2.0,3,0.0
56.0,yes,Travel_Rarely,1162.0,Research & Development,24.0,2,Life Sciences,1,1907,1,Male,97.0,3,1,Laboratory technician ,4,Single,2587.0,10261.0,1,Y,,16,3,4,80,0,5.0,3,3,4.0,2.0,1,0.0
36.0, NO,Travel_Rarely,335.0,Sales,17.0,2,Marketing,1,1908,3,Male,,2,2,Sales Executive,2,Married,5507.0,16822.0,2,Y,No,16,3,3,80,2,12.0,1,1,4.0,2.0,1,3.0
41.0,No,Travel_Rarely,337.0,Sales,8.0,3,MARKETING,1,1909,3,Female,,3,2,Sales Executive,2,Married,4393.0,26841.0,5,Y,no,21,4,3,80,1,14.0,3,3,5.0,4.0,1,4.0
65.0,No,Travel_Rarely,1396.0,Research & Development,6.0,3,Medical,1,1911,3,Male,83.0,3,3,Research Director,1,Married,13348.0,14842.0,9,Y,No,13,3,2,80,1,18.0,3,4,13.0,7.0,5,7.0
31.0,No,,1079.0,Sales,10.0,2,Medical,1,1912,3,Female,86.0,3,2,Sales Executive,0,Divorced,6583.0,20115.0,2,Y,Yes,11,3,4,80,1,8.0,2,3,5.0,2.0,1,4.0
34.0,No,Travel_Rarely,735.0,Sales,3.0,1,Medical,1,1915,4,female,75.0,2,2,Sales Executive,4,Married,25000.0,16495.0,3,Y,Yes,12,3,3,80,0,9.0,3,2,4.0,2.0,0,1.0
31.0,No,Travel_Rarely,471.0,Research & Development,4.0,3,Medical,1,1916,1,FEMALE,62.0,4,1,Laboratory Technician,3,Divorced,3978.0,16031.0,8,Y,No,12,3,2,80,1,4.0,0,2,2.0,2.0,2,2.0
26.0,No,Travel_Frequently,1096.0,Research & Development,,3,Other,1,1918,3,Male,61.0,4,1,Laboratory Technician,4,,2544.0,,0,Y,No,18,3,1,80,1,8.0,3,3,7.0,7.0,7,-1.0
45.0,No,Travel_Frequently,1297.0,Research & Development,1.0,4,Medical,1,1922,2,MALE,44.0,3,2,Healthcare Representative,3,Single,5399.0,14511.0,4,Y,No,12,3,3,80,0,12.0,3,3,4.0,2.0,0,3.0
33.0,No,Travel_Rarely,217.0,Sales,10.0,4,Marketing,1,1924,2,,43.0,3,2,Sales Executive,3,Single,5487.0,10410.0,1,Y,No,14,3,2,80,0,10.0,2,2,10.0,4.0,0,9.0
28.0,No,Travel_Frequently,783.0,Sales,1.0,2,life sciences,1,1927,3,Male,42.0,2,2,sales executive,4, Married ,6834.0,19255.0,1,Y,Yes,12,3,3,80,1,7.0,2,3,7.0,7.0,0,7.0
29.0,Yes,Travel_Frequently,746.0,Sales,24.0,3,Technical Degree,1,1928,3,MALE,,4,1,,1,Single,1091.0,10642.0,1,Y,No,17,3,4,80,0,1.0,3,3,1.0,0.0,0,0.0
39.0,No,Non-Travel,1251.0,Sales,21.0,4,Life Sciences,1,1929,1,Female,32.0,1,2,Sales Executive,3,Married,5736.0,3987.0,6,Y,No,19,3,3,80,1,10.0,1,3,3.0,-1.0,1,2.0
27.0,No,Travel_Rarely,1354.0,Research & Development,-3.0,4,Technical Degree,1,1931,2,Male,41.0,3,1,Research Scientist,2,Married,2226.0,,1,Y,No,11,3,3,80,1,6.0,3,2,5.0,3.0,1,2.0
34.0,No,Travel_Frequently,735.0,Research & Development,22.0,4,,1,1932,3,,86.0,2,2,Research Scientist,4,married,5747.0,26496.0,1,Y,Yes,15,3,2,80,0,16.0,3,3,15.0,10.0,6,-1.0
28.0, YES,,1475.0,Sales,13.0,2,Marketing,1,1933,4,Female,84.0,3,2,Sales Executive,3,Single,9854.0,23352.0,3,Y,Yes,11,3,4,80,0,6.0,0,3,2.0,0.0,2,2.0
47.0,No,Non-Travel,1169.0,Research and Development,14.0,4,Technical Degree,1,1934,3,Male,64.0,3,2,Research Scientist,2,Married,5467.0,2125.0,8,Y,No,18,3,3,80,1,16.0,4,4,8.0,7.0,1,7.0
56.0,No,Travel_Rarely,1443.0,Sales,11.0,5,Marketing,1,1935,4,Female,89.0,2,2,Sales Executive,1,,5380.0,20328.0,4,Y,No,16,3,3,80,1,6.0,3,3,0.0,0.0,0,0.0
39.0,No,Travel_Rarely,867.0,Research & Development,9.0,2,Medical,1,1936,1,Male,87.0,3,2,Manufacturing Director,1,married,5151.0,12315.0,1,Y,No,25,4,4,80,1,10.0,3,3,10.0,0.0,7,9.0
38.0,No ,Travel_Frequently,1394.0,Research & Development,8.0,3,Medical,1,1937,4,Female,58.0,2,2,Research Scientist,2,Divorced,2133.0,18115.0,1,Y,Yes,16,3,3,80,1,20.0,3,3,20.0,11.0,0,7.0
,No,Travel_Rarely,-100.0,Sales,21.0,3,Life Sciences,1,1938,4, Female ,72.0,3,4,Manager,4,Married,17875.0,11761.0,4,Y,Yes,13,3,3,80,1,,2,2,1.0,0.0,0,0.0
32.0,Yes,Travel_Frequently,238.0,Research & Development,5.0,2,Life Sciences,1,1939,1, Female ,47.0,4,1,Research Scientist,3,Single,2432.0,15318.0,3,Y,Yes,14,2,1,80,0,8.0,2,3,4.0,1.0,0,3.0
38.0,no,Travel_Rarely,1206.0,,9.0,2,Life Sciences,1,1940,2,Male,71.0,3,1,Research Scientist,4, Divorced ,4771.0,14293.0,2,Y,No,19,3,4,80,2,,0,4,,2.0,0,3.0
49.0,No,Travel_Frequently,1064.0,research & development,2.0,1,life sciences,1,1941,2,Male,42.0,3,5,Research Director,4, Married ,19161.0,,3,Y,No,15,3,4,80,0,-2.0,3,3,5.0,4.0,4,3.0
42.0,No,Travel_Rarely,419.0,Sales,,4,Marketing,1,1943,2, Male ,77.0,3,2,Sales Executive,4,Divorced,,2900.0,3,Y,Yes,12,3,3,80,2,14.0,4,3,0.0,0.0,0,0.0
27.0,Yes,Travel_Frequently,1337.0,Human Resources,22.0,3,,1,1944,1,Female,,2,1,Human Resources,2,Married,2863.0,19555.0,1,Y,No,12,3,1,80,0,1.0,2,3,1.0,0.0,0,0.0
35.0,No,Travel_Rarely,682.0,Sales,18.0,4,,1,1945,2,Male,71.0,3,2,Sales Executive,1,Married,5561.0,15975.0,0,Y,No,16,3,4,80,1,6.0,2,1,5.0,3.0,0,4.0
28.0,No,Non-Travel,1103.0,Research & Development,16.0,3,Medical,1,1947,3,Male,49.0,3,1,Research Scientist,3,Single,2144.0,2122.0,1,Y,No,14,3,3,80,0,5.0,3,2,5.0,-1.0,1,4.0
31.0, NO,Non-Travel,976.0,Research & Development,3.0,2,Medical,1,1948,3,MALE,48.0,3,1,Research Scientist,1,Divorced,,3995.0,1,Y,Yes,13,3,4,80,1,4.0,3,4,4.0,2.0,2,3.0
36.0,No,Non-Travel,1351.0,Research & Development,9.0,4,life sciences,1,1949,1,,66.0,4,1,Laboratory Technician,2,Married,2810.0,9238.0,1,Y,No,22,4,0,80,0,5.0,3,3,5.0,4.0,0,2.0
34.0,No,Travel_Rarely,937.0,SALES,1.0,3,Marketing,1,1950,1,Male,32.0,3,3,Sales Executive,4,Single,9888.0,6770.0,1,Y,No,21,4,1,80,0,14.0,3,2,14.0,8.0,2,1.0
34.0,No,Travel_Rarely,1239.0,,13.0,4,Medical,1,1951,4,Male,39.0,3,3,Sales Executive,3,Divorced,8628.0,22914.0,1,Y,No,18,3,3,80,1,9.0,2,2,8.0,7.0,1,1.0
26.0,No,Travel_Rarely,157.0,Research & Development,1.0,3,Medical,1,1952,3,Male,95.0,3,1,Laboratory Technician,1,Single,2867.0,20006.0,0,Y,NO,13,3,4,80,0,8.0,6,2,7.0,7.0,7,6.0
29.0,No,Travel_Rarely,136.0,Research & Development,1.0,3,Life Sciences,1,1954,1,Male,89.0,3,2,Healthcare Representative,1,Married,5373.0,6225.0,0,Y,No,12,3,1,80,1,6.0,5,2,5.0,3.0,0,2.0
32.0,No,Non-Travel,,Research & Development,15.0,4,Medical,1,1955,3,Female,34.0,3,2,Healthcare Representative,4,Divorced,6667.0,16542.0,5,Y,No,18,3,2,80,1,9.0,6,3,5.0,1.0,1,2.0
31.0,No ,Travel_Frequently,1125.0,Research & Development,1.0,3,Life Sciences,1,1956,4, Male ,48.0,1,2,Research scientist,1,Married,5003.0,5771.0,1,Y, No ,21,4,2,80,0,10.0,6,3,50.0,8.0,8,7.0
28.0,Yes,Travel_Rarely,1404.0,Research & Development,,3,Technical Degree,1,1960,3,Male,32.0,2,1,Laboratory Technician,4,Divorced,2367.0,18779.0,5,Y,No,12,3,1,80,1,6.0,2,2,4.0,1.0,0,3.0
38.0,No,Travel_Rarely,1404.0,Sales,1.0,3,life sciences,1,1961,1,MALE,59.0,2,1,Sales representative,1,Single,2858.0,11473.0,4,Y,No,14,3,1,80,0,20.0,3,2,1.0,0.0,0,0.0
35.0,No,Travel_Rarely,1224.0,Sales,7.0,4,Life Sciences,1,1962,3,Female,55.0,3,2,Sales Executive,4,Married,5204.0,13586.0,1,Y,Yes,11,3,4,80,0,,2,3,10.0,8.0,0,9.0
27.0,No, Travel_Rarely ,954.0,Sales,9.0,3,Marketing,1,1965,4,MALE,44.0,3,2,Sales Executive,4,Single,4105.0,5099.0,1,Y,,14,3,1,80,0,7.0,5,3,7.0,,0,7.0
32.0,No,Travel_Rarely,1373.0,Research & Development,5.0,4,Life Sciences,1,1966,4,Male,56.0,2,2,Manufacturing Director,4,Single,9679.0,10138.0,8,Y,No,24,4,2,80,0,8.0,1,3,1.0,0.0,0,0.0
31.0,Yes,,754.0,Sales,26.0,4,Marketing,1,1967,1,MALE,63.0,3,2,Sales Executive,4,Married,5617.0,21075.0,1,Y, Yes ,11,3,3,80,0,10.0,4,3,10.0,7.0,0,8.0
53.0,Yes,Travel_Rarely,,Sales,,4,Life Sciences,1,1968,1,Male,66.0,3,3,Sales Executive,1,Single,10448.0,5843.0,6,Y,Yes,13,3,2,80,0,15.0,2,2,2.0,2.0,2,2.0
54.0,,Travel_Rarely,155.0,Research & Development,9.0,2,Life Sciences,1,1969,1,Female,67.0,3,2,Research Scientist,3,Married,2897.0,22474.0,3,Y,No,11,3,3,80,2,9.0,6,2,4.0,3.0,2,3.0
33.0,No,Travel_Frequently,1303.0,Research & Development,7.0,2,Life Sciences,1,1970,4,Male,36.0,3,2,Healthcare Representative,3,Divorced,5968.0,18079.0,1,Y,No,20,4,3,80,3,9.0,2,3,9.0,-1.0,2,8.0
43.0,No,Travel_Rarely,574.0,Research & Development,11.0,3,Life Sciences,1,1971,1,Male,30.0,3,3,Healthcare Representative,3,Married,7510.0,16873.0,1,Y,No,17,3,2,80,1,10.0,1,3,10.0,9.0,0,9.0
,No,Travel_Frequently,1444.0,Human Resources,1.0,4,Other,1,1972,4,Male,88.0,3,1,Human Resources,2,Married,2991.0,5224.0,0,Y,Yes,11,3,2,80,1,7.0,2,3,6.0,2.0,1,2.0
55.0,No,Travel_Rarely,189.0,Human Resources,26.0,4,Human Resources,1,1973,3,Male,71.0,4,5,Manager,2,Married,19636.0,25811.0,4,Y,yes,18,3,1,80,1,35.0,0,3,10.0,9.0,1,4.0
31.0,No,Travel_Rarely,1276.0,Research & Development,2.0,1,Medical,1,1974,4,Female,59.0,1,1,,4,Divorced,1129.0,17536.0,1,Y,Yes,11,3,3,80,3,1.0,4,3,1.0,0.0,0,0.0
39.0,No,Travel_Rarely,119.0,Sales,15.0,4,Marketing,1,1975,2,Male,77.0,3,4,Sales Executive,1,Single,13341.0,25098.0,0,Y,No,12,3,1,80,0,21.0,3,3,,,11,10.0
42.0,,Non-Travel,335.0,Research & Development,23.0,2,Life Sciences,1,1976,4,Male,37.0,2,2,Research Scientist,3, Single ,4332.0,14811.0,1,Y,No,12,3,4,80,0,20.0,2,3,20.0,9.0,3,7.0
31.0,No ,Non-Travel,697.0,Research & Development,10.0,3,Medical,1,1979,3,Female,40.0,3,3,Research Director,3, Married ,11031.0,26862.0,4,Y,,20,4,3,80,1,13.0,2,4,11.0,7.0,4,8.0
54.0,No,Travel_Rarely,157.0,Research & Development,10.0,3,Medical,1,1980,3,Female,77.0,3,2,Manufacturing Director,1,Single,4440.0,25198.0,6,Y,Yes,19,3,4,80,0,9.0,3,3,5.0,2.0,1,4.0
24.0,No,Travel_Rarely,,Research & Development,1.0,2,life sciences,1,1981,2,Male,45.0,2,2,Healthcare representative,3,Single,4617.0,14120.0,1,Y,No,12,3,2,80,0,4.0,2,2,,3.0,1,
23.0,No,Travel_Rarely,571.0,Research & Development,12.0,2,other,1,1982,4,Male,78.0,3,1,,4,Single,,13672.0,1,Y,No,13,3,3,80,0,5.0,6,4,5.0,,1,
40.0,No,Travel_Frequently,692.0,Research and Development,11.0,3,Technical Degree,1,1985,4,Female,73.0,3,2,Laboratory Technician,3,Married,6323.0,26849.0,1,Y,No,11,3,1,80,1,10.0,2,4,10.0,9.0,9,4.0
40.0,No,Travel_Rarely,444.0,Sales,2.0,2,Marketing,1,1986,2,Female,,3,2,Sales Executive,2,,5677.0,4258.0,3,Y,No,14,3,3,80,1,15.0,4,3,11.0,8.0,5,10.0
25.0,No,Travel_Rarely,309.0,Human Resources,2.0,3,Human Resources,1,1987,3,Female,82.0,3,1,Human Resources,2,Married,2187.0,19655.0,4,Y,No,14,3,3,80,0,6.0,3,3,2.0,0.0,1,2.0
16.0,No, Travel_Rarely ,911.0,Research & Development,1.0,2,Medical,1,1989,4,Male,76.0,3,1,Laboratory technician ,2,Married,3748.0,4077.0,1,Y,No,13,3,3,80,0,,6,2,12.0,8.0,1,7.0
,No,Travel_Rarely,977.0,Research & development ,0.0,1,Other,1,1992,4,Male,57.0,3,1,Laboratory technician ,3,Divorced,3977.0,7298.0,6,Y,Yes,19,3,3,80,1,7.0,2,2,2.0,2.0,0,
47.0,no,Travel_Rarely,,Research & Development,25.0,3,Medical,1,1993,1,,84.0,3,3,Healthcare Representative,3,Single,8633.0,13084.0,2,Y,No,23,4,2,80,0,25.0,3,3,17.0,14.0,12,11.0
33.0,No,Non-Travel,1313.0,,1.0,2,Medical,1,1994,2,Male,59.0,2,1,Laboratory Technician,3,DIVORCED,2008.0,20439.0,1,Y,No,12,3,3,80,3,1.0,2,2,1.0,1.0,0,0.0
38.0,No,Travel_Rarely,1321.0,Sales,1.0,4,Life Sciences,1,1995,4, Male ,86.0,3,2,Sales Executive,2,Married,4440.0,7636.0,0,Y,NO,15,3,1,80,2,16.0,3,3,15.0,13.0,5,8.0
31.0,No,Travel_Rarely,1154.0,sales,,2,Life Sciences,1,1996,1,Male,54.0,3,1,Sales Representative,3,Married,3067.0,6393.0,0,Y,No,19,3,3,80,1,3.0,1,3,2.0,2.0,1,2.0
38.0,No,Travel_Frequently,508.0,Research & Development,6.0,4,Life Sciences,1,1997,1,Male,72.0,2,2,MANUFACTURING DIRECTOR,3, Married ,5321.0,14284.0,2,Y,,11,3,4,80,1,10.0,1,3,50.0,,7,7.0
42.0,No, Travel_Rarely ,557.0,Research & Development,18.0,4,Life Sciences,1,1998,4,Male,35.0,3,2,Research Scientist,1,Divorced,5410.0,11189.0,6,Y,Yes,17,3,3,80,1,9.0,3,2,4.0,3.0,1,2.0
41.0,No,Travel_Rarely,642.0,Research & Development,1.0,3,Life Sciences,1,1999,4,Male,76.0,3,1,Research Scientist,4,Married,2782.0,21412.0,3,Y,No,22,4,1,80,1,12.0,3,3,5.0,3.0,-1,0.0
47.0,No,Non-Travel,1162.0,Research & Development,1.0,1,,1,2000,3,Female,98.0,3,3,,2,Married,11957.0,17231.0,0,Y,No,18,3,1,80,2,14.0,3,1,13.0,8.0,5,12.0
,No,Travel_Rarely,1490.0,research & development,11.0,4,,1,2003,4,Male,43.0,3,1,Laboratory Technician,3,Married,-500.0,,7,Y,Yes,11,3,3,80,1,5.0,3,3,2.0,2.0,2,2.0
22.0,No,Travel_Rarely,581.0,Research & Development,1.0,2,Life Sciences,1,2007,4,Male,63.0,3,1,Research Scientist,3,Single,3375.0,17624.0,0,Y,No,12,3,4,80,0,4.0,10,4,3.0,2.0,1,2.0
35.0,No ,Travel_Rarely,1395.0,Research & Development,9.0,4,Medical,1,2008,2,Male,48.0,3,2,Research Scientist,3,Single,5098.0,,1,Y,No,19,3,2,80,0,10.0,5,3,10.0,7.0,0,8.0
33.0,,Travel_Rarely,501.0,Research & Development,15.0,2,Medical,1,2009,2,Female,95.0,3,2,Healthcare Representative,4, Married ,4878.0,21653.0,0,Y,Yes,13,3,1,80,1,10.0,6,3,9.0,7.0,8,1.0
32.0,No,Travel_Rarely,267.0,Research & Development,29.0,4,Life Sciences,1,2010,3,Female,49.0,0,1,Laboratory Technician,2,SINGLE,2837.0,15919.0,1,Y,No,13,3,3,80,0,6.0,3,3,6.0,,4,
40.0,No,Travel_Rarely,543.0,Research & Development,1.0,4,Life Sciences,1,2012,1,Male,83.0,3,1,Laboratory Technician,4,Married,2406.0,4060.0,8,Y,No,19,3,3,80,2,8.0,3,2,1.0,0.0,0,0.0
32.0,No,Travel_Rarely,234.0,Sales,,4,Medical,1,2013,2,Male,68.0,2,1,Sales Representative,2,Married,2269.0,18024.0,0,Y,No,14,3,2,80,1,3.0,2,3,2.0,2.0,2,2.0
39.0,No,Travel_Rarely,116.0,Research & Development,24.0,1,Life Sciences,1,2014,1,Male,52.0,3,2,Research Scientist,4,Single,4108.0,5340.0,7,Y,No,13,3,1,80,0,18.0,2,3,7.0,7.0,1,7.0
38.0, NO,Travel_Rarely,201.0,Research & Development,10.0,3, Medical ,1,2015,2,Female,99.0,1,3,research director,3,Married,13206.0,3376.0,3,Y,No,12,3,1,80,1,20.0,3,3,18.0,16.0,1,11.0
32.0,No,Travel_Rarely,801.0,Sales,1.0,4,Marketing,1,2016,3,Female,48.0,3,3,Sales Executive,4,Married,10422.0,24032.0,1,Y,No,19,3,3,80,2,14.0,3,3,,10.0,5,7.0
37.0,No,Travel_Rarely,161.0,research & development,10.0,3,Life Sciences,1,2017,3,Female,42.0,4,3,Research Director,4,Married,13744.0,15471.0,1,Y,Yes,25,4,1,80,1,16.0,10,3,16.0,11.0,6,8.0
25.0,No,Travel_Rarely,1382.0,Sales,8.0,2,other,1,2018,1,Female,85.0,3,2,sales executive,3,Divorced,4907.0,,0,Y, Yes ,22,4,2,80,1,6.0,-1,2,5.0,3.0,0,4.0
52.0,No,,585.0,Sales,29.0,4,Life Sciences,1,2019,1, Male ,40.0,3,1,Sales Representative,4,Divorced,3482.0,19788.0,2,Y,No,15,3,2,80,2,16.0,3,2,9.0,8.0,0,
44.0,No,Travel_Rarely,1037.0,Research & Development,1.0,3,Medical,1,2020,2,Male,42.0,3,1,Research Scientist,4,Single,2436.0,13422.0,6,Y,Yes,12,3,3,80,0,6.0,2,3,4.0,3.0,1,2.0
21.0,No,Travel_Rarely,,Sales,5.0,1,Medical,1,2021,3,Male,58.0,3,1,Sales Representative,1,Single,2380.0,25479.0,1,Y,Yes,11,3,4,80,0,2.0,6,3,12.0,2.0,1,2.0
39.0,No,non-travel,105.0,Research & Development,9.0,3,Life Sciences,1,2022,4, Male ,87.0,3,5,Manager,4,Single,19431.0,15302.0,2,Y,No,13,3,3,80,0,21.0,3,2,6.0,0.0,1,3.0
23.0,Yes,travel_frequently,638.0,Sales,9.0,3,Marketing,1,2023,4,Male,33.0,3,1,Sales Representative,1,Married,1790.0,26956.0,1,Y,No,19,3,1,80,1,1.0,3,2,1.0,0.0,1,0.0
36.0,No,Travel_Rarely,557.0,Sales,3.0,3,Medical,1,2024,1,Female,94.0,2,3,Sales Executive,4,,7644.0,12695.0,0,Y,No,19,3,3,80,2,10.0,2,3,9.0,7.0,3,4.0
36.0,No,Travel_Frequently,688.0,Research & development ,4.0,2,life sciences,1,2025,4,Female,97.0,3,2,Manufacturing Director,2,,5131.0,9192.0,7,Y,No,13,3,2,80,3,18.0,3,3,4.0,2.0,0,2.0
56.0,No,Non-Travel,667.0,Research & Development,,4,Life Sciences,1,2026,3,Male,57.0,3,2,Healthcare Representative,3,Divorced,6306.0,26236.0,1,Y,No,21,4,1,80,1,13.0,2,2,13.0,12.0,1,9.0
29.0,Yes,Travel_Rarely,1092.0,Research & Development,1.0,4, Medical ,1,2027,1,Male,36.0,3,1,Research Scientist,4,Married,4787.0,26124.0,9,Y,Yes,14,3,2,80,3,4.0,3,4,,,2,2.0
,No,Travel_Rarely,300.0,Research & Development,2.0,3,Life Sciences,1,2031,1,Male,56.0,3,5,Manager,3,Married,18880.0,,5,Y,No,11,3,1,80,0,24.0,2,2,22.0,6.0,4,14.0
56.0,Yes,Travel_Rarely,310.0,Research & Development,7.0,2,Technical Degree,1,2032,4,Male,72.0,3,1,,3,Married,2339.0,3666.0,8,Y,No,11,3,4,80,1,14.0,4,1,10.0,9.0,9,8.0
41.0,No,travel_rarely,582.0,Research & Development,28.0,4,Life Sciences,1,2034,1,Female,60.0,2,4,Manufacturing Director,2,Married,13570.0,5640.0,0,Y,No,23,4,3,80,1,21.0,3,3,20.0,7.0,0,10.0
34.0,,Travel_Rarely,704.0,Sales,28.0,3,MARKETING,1,2035,4,Female,95.0,2,2,Sales Executive,3,Married,6712.0,8978.0,1,Y,No,21,4,4,80,2,8.0,2,5,8.0,7.0,1,7.0
36.0,no,Non-Travel,301.0,,15.0,4,Marketing,1,2036,4,,88.0,1,2,Sales Executive,4, Divorced ,5406.0,10436.0,1,Y,No,24,4,1,80,1,15.0,4,2,15.0,12.0,11,11.0
41.0,No,Travel_Rarely,930.0,Sales,3.0,3,Life Sciences,1,2037,3,Male,57.0,2,2,Sales Executive,2,Divorced,8938.0,12227.0,2,Y,No,11,3,3,80,1,14.0,5,3,,4.0,0,4.0
32.0,No,Travel_Rarely,529.0,Research & Development,2.0,3,Technical degree,1,2038,4,Male,78.0,3,1,Research Scientist,1,Single,2439.0,11288.0,1,Y,No,14,3,4,80,0,4.0,4,3,4.0,2.0,1,2.0
35.0,No,travel_rarely,1146.0,Human Resources,26.0,4,Life Sciences,1,2040,3,Female,31.0,3,3,Human Resources,4,Single,8837.0,16642.0,1,Y,Yes,16,3,3,80,0,9.0,2,3,9.0,0.0,1,7.0
38.0,No,Travel_Rarely,345.0,Sales,,2,Life Sciences,1,2041,1,Female,100.0,3,2,Sales Executive,4,Married,5343.0,5982.0,1,Y,,11,3,3,80,1,10.0,1,3,10.0,20.0,1,9.0
50.0,Yes,Travel_Frequently,878.0,Sales,1.0,4,Life Sciences,1,2044,2,Male,94.0,3,2,Sales Executive,3,Divorced,6728.0,14255.0,7,Y,No,12,3,4,80,2,12.0,3,3,6.0,3.0,0,1.0
36.0,No,Travel_Rarely,1120.0,Sales,11.0,4,,1,2045,2, Female ,100.0,2,2,Sales Executive,4,Married,6652.0,14369.0,4,Y,No,13,3,1,80,1,8.0,2,2,6.0,3.0,0,0.0
45.0,No,,374.0,Sales,20.0,3,Life Sciences,1,2046,4,female,50.0,3,2,Sales Executive,3,Single,4850.0,23333.0,8,Y,No,15,3,3,80,0,8.0,3,3,5.0,3.0,0,1.0
,No,Travel_Rarely,1322.0,Research & Development,2.0,4,Life Sciences,1,2048,3,male,52.0,2,1,Research Scientist,3,Single,2809.0,2725.0,2,Y,No,14,3,4,80,0,8.0,2,3,,2.0,2,2.0
35.0,no,Travel_Frequently,1199.0,Research & Development,18.0,4,Life Sciences,1,2049,3,Male,,3,2,Healthcare Representative,3,Married,,24594.0,1,Y,Yes,14,3,4,80,2,10.0,2,4,10.0,2.0,0,2.0
40.0,No,Travel_Rarely,1194.0,Research & Development,2.0,4,Medical,1,2051,3,FEMALE,98.0,3,1,Research Scientist,3,Married,2001.0,12549.0,2,Y,No,14,3,2,80,3,20.0,2,3,5.0,3.0,0,2.0
35.0,No,Travel_Rarely,287.0,Research & Development,1.0,4,Life Sciences,1,2052,3,Female,,1,1,Research Scientist,4,Married,2977.0,8952.0,1,Y, No ,12,3,4,80,1,4.0,5,3,4.0,3.0,1,1.0
29.0,No,Travel_Rarely,1378.0,Research & Development,13.0,2,Other,1,2053,4,Male,46.0,2,2,Laboratory Technician,2,Married,4025.0,23679.0,4,Y,Yes,13,3,1,80,1,10.0,2,3,4.0,,0,3.0
29.0,No,,468.0,Research & Development,28.0,4,Medical,1,2054,4,Female,73.0,2,1,Research Scientist,1,single,3785.0,8489.0,1,Y,No,14,3,2,80,0,5.0,3,1,5.0,4.0,0,4.0
50.0,Yes,Travel_Rarely,410.0,Sales,28.0,3,Marketing,1,2055,4,Male,39.0,2,3,Sales Executive,1,Divorced,10854.0,16586.0,4,Y,Yes,13,3,2,80,1,,3,3,3.0,2.0,2,0.0
39.0,No,Travel_Rarely,722.0,Sales,24.0,1,MARKETING,1,2056,2,Female,60.0,2,4,Sales Executive,4,Married,12031.0,8828.0,0,Y,No,11,3,1,80,1,21.0,2,2,20.0,,9,6.0
31.0,No,Non-Travel,325.0,Research & Development,5.0,3,Medical,1,2057,2,Male,74.0,3,2,Manufacturing Director,1,Single,9936.0,3787.0,0,Y,No,19,3,2,80,0,10.0,2,3,9.0,4.0,1,7.0
26.0,No,Travel Rarely,1167.0,Sales,5.0,3,Other,1,2060,4,Female,30.0,2,1,Sales Representative,3,Single,2966.0,21378.0,0,Y,No,18,3,4,80,0,5.0,2,3,4.0,2.0,0,0.0
36.0,No,Travel_Frequently,884.0,research & development,23.0,2,Medical,1,2061,3,Male,41.0,4,2,Laboratory Technician,4,married,2571.0,12290.0,4,Y,No,17,3,3,80,1,17.0,3,3,5.0,2.0,0,3.0
39.0,No,Travel_Rarely,613.0,Research & Development,6.0,1,Medical,1,2062,4,Male,42.0,2,3,Healthcare Representative,1,Married,9991.0,21457.0,4,Y,no,15,3,1,80,1,9.0,5,3,7.0,7.0,1,7.0
27.0,No,Travel Rarely,155.0,Research & Development,4.0,3,Life Sciences,1,2064,2,Male,87.0,4,2,Manufacturing Director,2,Married,6142.0,5174.0,1,Y,Yes,20,4,2,80,1,6.0,0,3,6.0,2.0,0,3.0
49.0,no,Travel_Frequently,1023.0,Sales,2.0,3,Medical,1,2065,4,Male,63.0,2,2,Sales Executive,2,Married,5390.0,13243.0,2,Y,No,14,3,4,80,0,17.0,3,2,9.0,6.0,0,8.0
34.0,,Travel_Rarely,628.0,Research & Development,8.0,3,Medical,1,2068,2,Male,82.0,4,0,Laboratory Technician,3,Married,4404.0,10228.0,2,Y,No,12,3,1,80,0,6.0,3,4,4.0,3.0,1,2.0
